segment_id,name,country,distance,city,athlete_count,polyline
26131055,Bay Mau Lake 2.4km Loop,Vietnam,2397.0,H√† N·ªôi,35049,ggf_C{{_eSc@OUAe@?SFe@GS@g@Ji@Cg@BmAMQH_@XSDe@DOKm@m@c@Se@Mk@A{@BQBOHi@JOHMPg@Ly@@{@Ge@B{@Ai@De@Iw@Wy@OSCOJMNCP?rAEz@_@|@ERJ~@GdBB~@Ej@RHR?PER?b@FLPFRTb@BRGj@?VFRPJTBhASnABh@Fb@ARBz@@RBh@Az@JtBARCr@WPCh@HnAIf@F^PRD|ARrAGpA@h@IP@PENMNa@BU?i@PKR@NLR@LOKQU}@AUOg@Fm@ES@UPy@Ww@EUAUBg@OqA?UCSMKs@_@
31531255,800m dash ,Vietnam,804.0,H√† N·ªôi,53403,mmg_Cai_eSCz@Db@FLDDVFPANE^Wb@E\Fh@N|AD~AGhDDd@Er@QN?h@B|A@\Dt@XLBl@A~@DfACn@Bn@Gb@OPOHQHo@
14587584,Full Loop,Vietnam,2989.5,H√† N·ªôi,6562,mug_Ccf`eSE]HQ@KGMIAq@NKJc@PKBGFGf@JTDT_@p@DPh@FVZ`@RL`@Dd@@|@IXg@b@u@v@SZ@h@Df@DH^PPXWz@fAh@f@BdANPb@Ff@XZTHf@F\VZ^Hd@?f@Hb@`@LjAK^?d@Bf@J\C~B?hCFd@Ar@Gx@STCb@?bAEf@Hb@Nf@L|CJzAAb@Gd@MX]Fe@?UTM`@NNAFUo@}BAg@Bg@Lu@Eg@KWC[Ei@A{@Ci@Ie@W]cAc@[GiABg@Ag@HiA?mAKgA`@c@HoBkAe@Mc@EkADc@HwAt@e@BQCmAGkADqA?qCo@[UMQIOHyABqAGg@g@AsAD
33834390,V·ªâa C·∫£m T·ª≠,Vietnam,306.0,Hanoi,108108,_pj_CcpaeS]PUDs@f@]Fg@Rs@b@ILGR?TLd@Bh@KxABb@Ef@
33834431,V·ªâa Th·ªßy T·∫°,Vietnam,302.0,Hanoi,99714,awj_CchaeSK`BBb@Er@N\RL`@d@VJd@Dv@Cd@Op@Gr@W
12954999,West and south side of lake,Vietnam,476.2,H√† N·ªôi,105725,gej_CkbaeSvCf@N?r@Kl@Ol@Kb@EP?|@MrBk@LIN_@J}@j@cC@]GU
20831767,PVD to Bus,Vietnam,3230.9,ƒê√† N·∫µng,11585,}vaaBkttsSc@CkABoAJg@@oACoAFkEEuBHiAImAFg@AaDGmAGiABe@CoASw@GkB]iBm@}@g@eA_@aBu@}@i@qDkAe@I_@SiBm@gAYqBc@g@Mg@IuD_@aEk@qAOg@C{Em@i@IeAWiAKe@KiBe@gBk@gAa@eDcBsDoBeCmAyEqAyNkDa@Mc@SkAYqCcAyCoAgBcAKIAI
12478179,Son Tra to Linh Ung Temple,Vietnam,2056.8,ƒê√† N·∫µng,3841,cdgaBm|xsSTEX_@PELO`@MX]PEdAiANa@Dg@Mi@Ua@OOaAq@m@]a@Uc@OQCSCwE?UAqFCc@IQKKMWc@Ke@Ag@BsAFe@FOpAyAj@k@JQHQLsA\sBXu@PcBCU@c@GU}BaC{AqBGOAUBi@FSLM`@Of@CpAHpACj@@nAKd@Or@g@l@g@\a@HOFQASEUaAkBMk@Ei@JwB?qA
3483935,Ho√†ng Sa Climb,Vietnam,518.763,Da Nang,5181,_rgaBgyysSFQNw@`@gCPk@Nq@Hm@?aACUKScAkAe@o@aAcA{@kAGk@Ag@BUGU
12648662,Cheeky Beach,Vietnam,1686.1,ƒê√† N·∫µng,22464,wsfaBa`vsSdA`@rCt@b@PvLtCvC|@jB~@`DdBbAj@nDxAfA\fAb@lA\jATpBXfABhAL|Df@`Eb@rBV`@NjAPrCh@xDx@
20789387,Cong Vien Bien Dong to VNG corner,Vietnam,2534.1,ƒê√† N·∫µng,12180,mlaaB}ttsS^MzCOnA?jAErD?`DEnABf@Cb@Ed@QfBaAbAa@d@GnAIhDIvBQpAGvEGnAEpAMhAQzBUf@IdCUnAGvBYpBa@xCq@nAUpCYLOjBWlA]tBa@d@IvBKdAUd@AzCq@bDa@jAS|Bk@pAOrCe@pAGnAH
6791369,My Khe kilo,Vietnam,1031.1,Danang,36469,ko`aBqztsS`AAvAMvBE~DSv@AdCKh@?hAIbAB\Ch@AnFm@lCOn@M~@Kp@[v@Sb@A\G`A@l@Qp@OnAO
34426347,To VNG corner,Vietnam,1044.3,Da Nang,29793,ma_aBgausS^AhAOfALRENKXEVKB@REd@?TI|@SbAQ`@@RAJCd@@f@]|@Qr@KX@d@Mb@@^G\KTAr@UTSJAb@UFBXCRCNI^BVGXK`@G|@W|@IbASb@OxCc@VMTDj@[REd@If@A
33997594,Xu√¢n D≈©ng to Airport,Vietnam,2176.8,Da Nang,10406,{x{`BsmusSLI@EFW?KJk@Vc@LEXNHEN[HKR@JCZCLa@FENHHAL?HLJ@DAh@[TWTEPSTMJBLE^APUB@FAp@WTCDITKZ@PCDCLAFEVSZ[LUX?ZKZBRFHAHCd@]TB`@I\Ud@Ut@c@H@JMTIN@TSj@G`@Kb@_@NCD@DC^?RGZ[LGNA\UXKP@v@Uz@]j@[z@]d@IXMZC~@i@n@Sv@a@f@It@SRKTUv@[`AKd@a@ZEr@SJDb@MLM`@S^Md@It@[|@WhBu@XA^MF@VCDHH@l@c@^OZW\_@l@k@f@UNCDEXCT@PYTOd@Ub@KHUVKd@GXQXMF?
33997596,Airport to Xu√¢n D≈©ng,Vietnam,2103.2,Da Nang,10235,{ox`Bm_wsSo@NQHiARMHENKJa@BOCM??FOAIHMTw@j@o@\_B\g@^g@LKFe@Fa@PQB}@d@_AVYFGF_AXSd@GDWDWHYEaAROJCHs@X_@Da@HYLs@Nc@Zk@LWLYH[Ps@F_@HORSL_@NUBs@RSPa@D[N]FOJs@NIH{@Z[POF]F_A`@]HOFILeARYR_@La@PW@oAj@aAV]T_B\]N_@FYROAGDw@VY?e@h@?BKLYLSFS?OESUGAUH[^CPQ^e@TYJ?\CBEAQBk@Zc@Jk@TM?e@Le@TK@DA]P
34352820,My Khe to My An 1,Vietnam,1077.6,Da Nang,30220,uh}`BynusSM?q@Ly@AQHOB{@^I?GMGA]Ti@Jm@PSVc@JMTYJy@B[Cc@?]FO?KEYLcAPYPeAT[BaABc@CWTQFi@GQ@]JOA_@HOAc@TGJa@TOBW?BDSFc@?SGIHBFE@ICGD[MOAYLk@AOHEJIDg@FWPa@DQHQ?sAEmAR
19972953,C·∫ßu Tr·∫ßn Th·ªã L√Ω,Vietnam,1215.3,ƒê√† N·∫µng,14491,g`~`B{srsS\ZN^XdAPnAf@~HVtCdAzOTbELrAh@zH\pHBjAA\
19972957,Tran Thi Ly to Thuan Phuoc,Vietnam,4992.8,ƒê√† N·∫µng,11600,}v}`BanpsSgEHsOJwBFe@CiDB{CEmGSyCCiEMc@Ge@?kAMaDEGAg@A_@FmAWkAFoABkACsABsAAg@DuB@kCIc@ImA]wCaAe@Ie@Qi@GoAAg@@g@C]EOQg@CeBCIFgFKg@Ic@EgEEuBTg@BqB^c@FkABwCh@uBL{CXuBXuANSTsB?yBRe@@c@Ke@?oA@uBHmAJaEPkAVmALaDFmFZg@Ha@PiEjBcAf@iBv@oEhBeAh@_@VcAb@k@Zc@JaA`@S@gAj@gAPc@N_@R[ZoFdCeBt@_@Rw@p@gA~AiBnB[XaBfAS^
17439535,Nhu Nguyet To Thuan Phuoc,Vietnam,1988.3,ƒê√† N·∫µng,14193,icdaB_mpsSo@N_Cv@iAf@s@VkGtCwGnCoKtEwDzAwAp@eA`@}At@}@n@[Xs@t@oA`Bu@v@w@r@{Ax@U`@Fb@~@rBbAbBp@x@`@TbAf@hA\pBH`AEfAM`BGpAHlAARB?F
12686957,H√† Kh√™ (H√† Huy T·∫≠p) to Ph√∫ L·ªôc bridge (L√Ω Th√°i T√¥ng),Vietnam,1673.5,ƒê√† N·∫µng,5069,{cbaBidjsSBPKRAT@VIl@?RGj@@j@Uz@Eh@Kh@UlDETGh@ERIz@ETE~@Q|@Eh@_@jBEj@Mf@G|@QtAG|@YpA?j@WrAOtA?l@QrA@V_@`BGj@m@`BMx@[x@[nAQh@Ub@K~@iAhEe@|Ba@pAU`Am@rBGh@Kj@
13870074,Thuan Phuoc Bridge,Vietnam,2124.9,ƒê√† N·∫µng,13135,mkeaBqwnsSkAHu@@K@w@Ac@J[CsDBcAIiBs@w@m@i@s@YY[q@q@qBwAsDe@wAm@_AK[Wk@Oe@o@gBSW}@aCg@eASw@c@{@Og@QQa@gAs@{Aa@kAu@yAi@aBc@_AaB{Ey@qBi@cA]cA_@o@Mg@q@wAYy@oA}CGe@aCqG
6187360,Cau Phu Xuan RUNNING,Vietnam,373.0,Thua Thien-Hue,9964,gtncBe~soSURq@`@i@r@mDrCq@v@sAbAoAnA
6187364,Le Duan Hue RUNNING,Vietnam,695.9,Thua Thien-Hue,11828,ylncB}aroS`@zAz@hC`@dBPhAj@hBF^NXJ`Ah@hBF^Bb@NdAJNBLRtB?RN\Ht@^~A
12698854,Cross the Perfume River,Vietnam,374.1,Th·ª´a Thi√™n Hu·∫ø,23732,ixocBaetoSx@y@xEoFx@y@dCuC
19414588,Hoan Kiem Lake East straight,Vietnam,492.7,H√† N·ªôi,105792,isi_CemaeS_AWcDYiC[kFg@cFKq@@
33905107,H√†ng Ngang - H√†ng ƒê√†o,Vietnam,306.0,Hanoi,25767,s|j_CkaaeSqBl@y@Zm@XWH[R_@N]Ru@^mBt@
16179287,Mausoleum Sprint 1,Vietnam,260.4,H√† N·ªôi,19755,arl_Cqa~dShA?|CJhBLf@?LAPEJQF[
33834454,V·ªâa H√†ng Khay,Vietnam,303.0,Hanoi,104590,k|i_CkaaeSh@U`B_@XEh@AVMd@ELGT_@HWDc@L_@\sB
19166126,Mall front North -> South,Vietnam,298.3,H√† N·ªôi,11234,k|c_CqjdeSBDPFj@r@JHnAZ~@HrCJ\?r@E~@A
27743466,hill repeat,Vietnam,306.0,H√† N·ªôi,3152,eid_CksdeSc@mAU{@cB_E_@q@aBuB
35765520,[VNO] Times City Loop [01][S][ACW],Vietnam,1132.3,H√† N·ªôi,1639,wgc_CchdeSiADiA@_@Bc@Aq@Fc@@{CAgDBcAAK@AFF\Dr@@jDF`BFJTC`Ba@hAGtACpD?nFBXCPMF[FwE
35750973,[VNO] Times City Loop [01][S][CW],Vietnam,1067.3,H√† N·ªôi,4411,ofc_CoddeS?fABZBnAE\CFSFc@BoFA{DEyBBiB^EAGKC[DyGHORIP?PDv@H`G?`AAp@@xDC
33909438,Phan ƒê√¨nh Ph√πng (Ho√†ng Di·ªáu),Vietnam,384.0,Hanoi,28873,yul_C_d~dSLQHYPiBPs@TcCBgAH]?QNy@Dg@JYJyAFWJQ
1793526,Hoan Kiem Lake Loop,Vietnam,1629.42,Hanoi,80180,sxi_CqnaeSyLeAcBEaCAa@D]JeD`BALCH[d@GNCRMrBC`BNf@KJr@p@n@P^?nGcAzAQf@Al@BxC`@jJ}ANGPUz@kE?]IOKEiEe@
33103185,Hoan Kiem 2 loops,Vietnam,3422.1,H√† N·ªôi,54579,cnj_CkaaeS\ChAOb@IRCJCZAp@GR@?GVHJ?bANt@EhABn@Kn@SjAUrBu@pAcBDOCe@@a@AOGOSSa@UsBOaAOsBQo@IuAKO@OEwAKi@AYGoAAs@@ICk@?g@Hg@Vg@Z[Nc@VOB[Pa@^ObAHPO`@BZGJ?f@IZ?`@Rl@V^r@b@b@DbBGXIF?j@QJ?zDo@j@C`AHv@JH?TEh@GP@LHJA\C\MJ?vA[zAk@TENM^a@LWFELS?QLm@?k@K[]UMMQ@y@OcCQ_@GO?o@Gu@OeBMkAOiBEqA?o@Eq@?K@YJkAv@w@^WHe@XSTCFAZFL?VEXKT?PGF@n@Mh@@h@DLZZHPb@`@HBL?JDP?v@Eb@K\@`Ba@l@Kl@Et@Ot@ClALd@HL?
1337572,Hoan Kiem Lake,Vietnam,1695.68,Hanoi,78566,alj_Cq`aeSh@Ql@KNERAPGVMXGjAIx@Fr@JR@b@Hp@?jAU`@C\?VCVGFIXKbCg@TMh@kACg@?eBO[YYSKOC}@Ey@Sw@IyA[qAMQEO@kAS{BO{B_@cAGcAC_@@eAd@QNSBQHiAXULS\CZFT@TGRKp@IzAB\Cn@Hb@L\NTHLp@d@`@F~@KV@b@GXGXA
12599332,Hoan Kiem Lake start at dip,Vietnam,1596.2,H√† N·ªôi,80502,kwi_CkdaeSn@Y|@w@HMXcABUA_@GW]a@OEq@S}Cg@mAUiDg@kCUcCAkAC[@k@Ps@LyBhA]\Q^Mv@Ah@MpAEpAF^Lb@HL`@ZRHj@FbAAtIs@d@?|@Fn@Fb@I~BMjAOb@GdA]
33834368,V·ªâa ƒêinh Ti√™n Ho√†ng,Vietnam,306.5,Hanoi,89110,gri_CweaeSVmBZiA?YEYg@Ys@KsAWiA?o@G
10802335,Hoan Kiem south sprint,Vietnam,319.4,H√† N·ªôi,103432,s}i_C{baeSVC~AWXKRSv@Yd@WTYFQ`@_@Xo@@i@?a@Y[[O
33909618,Tr√†ng Ti·ªÅn (Phan Chu Trinh),Vietnam,368.0,Hanoi,18263,uoi_C}naeS\gA\}Bd@}APiAJ_@LoALYH_AN_AFg@
33909608,Phan Chu Trinh (Tr·∫ßn H∆∞ng ƒê·∫°o),Vietnam,302.0,Hanoi,21049,}hi_CeebeSV?h@DbBd@hB`@d@ThBVhB\
33905561,Ph·ªë Hu·∫ø (L√™ VƒÉn H∆∞u),Vietnam,502.0,Hanoi,20816,mfg_CkdaeSmBPmCH_@Fi@?i@P{BCkAZUBe@GYDo@I_@@mAGo@QYG
33905482,H√†ng B√†i (Hai B√† Tr∆∞ng),Vietnam,368.0,Hanoi,25061,gth_C{gaeSMBu@Ce@K[?a@Gk@Ak@KYMq@IU?a@Hg@Q]A]KU?aAM_@K]A
33909605,H√†ng ƒê·∫≠u (Tr·∫ßn Nh·∫≠t Du·∫≠t),Vietnam,276.5,Hanoi,15153,qjl_Cgh`eS?WEe@Me@Ge@SaAGa@Y{@Ee@Mc@M{@Ok@Gc@
19469375,Long Bien bridge (from Old Quarter),Vietnam,1736.2,H√† N·ªôi,11900,gkl_Cw{`eSISOq@[{@Ko@qAoDU{@YwAa@_A_@wAQc@{@oDc@}AUg@Uu@[}Aw@aCScA_@mAQs@Q[SgAYq@WaAO]Qq@Qi@Ga@K]c@{AYo@Us@e@oBk@iBOo@M[CUaAyCIa@M[Ic@}@mCIe@KWMi@a@mAW{AIW
33905452,L√™ Th√°nh T√¥ng (Tr·∫ßn H∆∞ng ƒê·∫°o),Vietnam,610.0,Hanoi,7633,iii_C{dbeSJGn@O^Q|@Wf@Id@Ur@M`@Od@Yz@@HAb@Sh@Q`AIVI`@Ev@]Z@^KlAa@r@ORMh@M^O^EH@FD
33909380,ƒêi·ªán Bi√™n Ph·ªß (Ho√†ng Di·ªáu),Vietnam,326.0,Hanoi,32518,cqj_Cma_eSqBtBg@d@Y\uAjAa@f@oBhBSL
16179298,Mausoleum Interval,Vietnam,800.6,H√† N·ªôi,38760,_mk_Cwg~dSYz@]d@QJ[@u@Cq@SmDg@_AKm@A{@KqA[k@CWBWJGFCJWhBG|@EPEF]FgAE_BU_AIeBYu@Q
16179292,Mausoleum Sprint 2,Vietnam,252.6,H√† N·ªôi,43982,mok_Cae~dSk@B}@EyASm@C_CY}@C
8699700,Thanh Nien Road,Vietnam,778.9,H√† N·ªôi,36942,ycm_Cec~dS}BKiAMeCIg@IwAMy@EkASOGWa@_B{AOKiAqAKOa@[Ya@gAw@OIOOSI_AUs@w@KQe@WWB
22654180,Lang Yen Phu Loop,Vietnam,801.4,H√† N·ªôi,8266,czn_Cea~dSQzB[pA@LEZHbABHELKFSBm@Z_@JO@ADWKI@_@HU?_@NQ?aA^_@BKQES@i@LY\a@@KEe@D[GMCODELIf@AREJ_@?OXSLUZMLCbAK\OLK~@QLGJING?N
32151981,InterContinental to Thanh Nien Road,Vietnam,1975.2,H√† N·ªôi,33351,s_p_Cuv}dSJDn@MvAg@\KVAr@@h@YNOl@Ub@KhASVSd@UhAa@f@A\M^Ef@Cd@?bAUb@QhBeAXU\_@bAk@`Ag@HYFOJA`@YR]rAeB^[^If@Sn@k@p@g@f@UZW^Id@DXPd@T|@Af@D^Jz@\d@^j@\r@Z~@j@x@x@lB~Bd@^zBb@tAN`FZPDr@Av@JVHb@XRXDhB
17173534,Thanh Nien Southbound,Vietnam,729.7,H√† N·ªôi,53991,wen_Cct~dSCXBFVHr@LPHPJTRb@XTRf@Rh@l@Zl@RFl@d@^n@JZj@^X^\LP@r@AXHZBPDRNZDVKVFb@BXC~ANlAEZHRJ\@j@C
33905078,H√†ng L∆∞·ª£c - Ch·∫£ C√° - H√†ng C√¢n - L∆∞∆°ng VƒÉn Can,Vietnam,607.0,Hanoi,16701,_{k_C_n`eST_@hA_@XWdA]l@]|@]f@Sn@Mx@g@hA[XGLIl@S^Gx@WREh@QxAWZKXYZSr@M
32152044,Thanh Nien to Van Cao,Vietnam,2154.4,H√† N·ªôi,49857,ubm_Cca~dSVb@Df@@d@EpBGr@Gv@IZMbADTXPTXC`@YfAM~@Gj@C|@DnAo@n@Mb@LXtBjAl@x@DLB^Ed@fCpFv@xAA\Op@Gb@F^v@hB@xAAf@E\M^_@Zc@TQFo@FWNeAdCEh@NlAFr@Kr@u@rAOh@ItBIh@SfAYhA}AtIAXPhBGdAa@pDWzAOf@
17173484,The Deep South Brazilian,Vietnam,1354.6,H√† N·ªôi,32489,}gm_CeozdSASRmALe@NeAD{@DeBE_@Cu@Ie@D]BORa@Jc@Pc@BSTw@Bg@Rq@Bo@Ry@RWPy@A{AFg@VkAJOXw@?SDOSsB?GHQD_@DQPY^i@D[FOl@IpA]LMTe@DWLgBA]Ym@c@s@Uk@@QPgABa@Q_@Y]Ig@U[IYUc@
35750983,[VNO] Times City Loop [04][XL][CW],Vietnam,1615.9,H√† N·ªôi,4202,}dc_CiedeSIpEALW\KB[@qAC{A@aDGaD@yAB}AXKOAQ?yBCaBJ{ACu@OaAAq@C[GYEk@@o@M}CFUJOTGjDHlACx@Bj@Cl@@pAE~BHn@?t@BPJJNH^HvBCd@B`AEnB
15364689,Beer 2KU to Water Park,Vietnam,5021.7,H√† N·ªôi,29036,gbm_Cck{dSMj@Up@Mp@i@tBIf@Ch@Sx@Gf@HlAF`@Cj@InAKd@OnAMh@Gn@[pAUb@i@rBkAlGW`@iAb@e@LaAR]TeAh@c@Ne@D{@_@kAQw@Na@NiATc@R{@l@yEtAeCfAe@HeA^gARiBn@i@Aa@Oe@A_@T}AfAiBl@a@Tq@TsBVa@PW`@CZ@pAAh@Eh@CBg@HiAJa@Vw@z@Md@SnAAf@[Ve@DmGC_D?c@?g@G_@WY[U_@a@Qc@GoAGa@HWLI@_@UwAsAa@MqBQOEg@Cc@Pc@?eAa@cBy@wCq@oBMg@Gc@Qs@w@c@Uc@Ke@FoAAoBs@y@y@cAi@e@S_AAc@Ka@WW]Ws@QSa@WmBg@{AeAu@c@kBu@c@WeAc@gAYa@QoBe@aAc@eBeAAOrBwB\WxAuAx@o@b@WLa@Ie@w@w@yAiBkDcFy@kAO_@
32152029,Two Dragon ,Vietnam,1171.4,H√† N·ªôi,53216,kto_CmyxdSANKDQ?GB[B}CAeEGeA?[Bi@OIEYW[e@[W}BQmAZ[BEA]k@k@m@e@_@mAKoAQI?kATaAOeCmAg@G{Ag@k@Ee@Ie@Ac@Eo@Wm@o@_@Q_@Mc@F
22783444,West lake North 5km,Vietnam,5062.0,H√† N·ªôi,32326,uvq_CaiydSWSAIYa@QOSISMw@a@OE_@As@Q]SQOOUSm@MQGEOEcAc@C?gAg@kAu@o@[G?MGoAs@IA_@Qs@a@{@Ms@UsAm@k@_@KAs@c@i@Um@]?EDE^[X[v@o@x@gA\[\SJMNCXSLETUDM@SIa@MOYMKKU]y@cASa@a@o@i@o@QQgAyA]k@c@m@USAG?CFQJA`@[XKfAm@PMRKh@a@Rc@HcALu@BCZKz@MXIlAEhAU\WVe@dAkA`@Wt@_@x@G|@B`@HTN`@n@x@vB@\AREHk@t@U^WXOVGT?PbAbCdBvDFFTLTBbAGd@S\U`Ac@TID?JDPX^v@JLNFV?LId@q@XQp@w@FW@}@FQXa@DO?SQy@]iCM_@i@cASg@B{AAgBBWPU^OTCLHvAhDp@hAFVTb@Pj@nAjCVr@b@v@`@dANDn@?lAMd@An@GX?NEHULoBNiAFMLMVITAx@pBRj@`AnBJNx@`@RPLTLb@HLTh@h@v@b@^XNr@Ph@F\@f@CRENG\Id@Wb@]l@m@v@a@`Am@t@y@\U~@u@RIr@g@jA_AJCd@_@HEb@]TY
34344598,Tay Ho Pub Crawl Return,Vietnam,303.1,Hanoi,56694,yvr_C}f{dSLALIl@MZMp@KTIj@EVIl@c@?MV]JEHIZo@HK\QVUH@JKD?
34344607,Quang Ba Arc Return,Vietnam,1935.6,Hanoi,47592,ghr_Cwo{dSn@G\BNAR@\Nd@ZLZ\`@H`@R\L|@Ar@Ud@i@d@o@v@EJCTDRZ|@l@lARj@Xb@^dANVPJXE~@AJIHAHGHAHIXMHAXSp@Wb@T^f@N\THNMP[FEBEfA{@BKDCDs@AMBI?ILYJIHQ@OCMAUGSCECWKa@McAWi@SYc@aAAKCEBMASDG?a@DILAf@IF?FAV@|Bz@^b@@HFF@HHL@HNTPNJDTNJD@BTPDHZ`@L\HF?DT\ADHPNf@Bb@@@ATFJNDN?j@K\@t@Mt@AFEBUHMHaAD_AFIj@a@VKL?FDZl@
13547601,Quang Ba-stard segment,Vietnam,486.9,H√† N·ªôi,51721,stq_CeyzdSVZT`@^T^QR_@z@w@Ta@BmAj@_AEg@[kA_@qB{@kBIe@@k@
34344614,Turtle Lake Passage Return,Vietnam,786.3,Hanoi,49563,mup_Ckd{dSLd@b@j@FJBLLPTh@LNBJJNRTPFb@\NRFDLf@HHFZRTBHFD@NZd@`@VTJh@L\BNFFGRDt@KTIJA`@Wl@[dAq@lB}At@e@TYf@a@~@m@V[LE
13547582,Quang An Northern sprint,Vietnam,1105.9,H√† N·ªôi,48427,gno_Ckg{dSoAyAqCiEw@kC[o@eBuDiA_B]Uc@McGqG[UcBaA{AmAY]Qg@Ya@a@YaBcAa@O[Uq@s@
29061783,Tu Hoa mountain,Vietnam,241.4,H√† N·ªôi,47438,ucp_Cqh}dSa@eA?SVgAHOHg@Xu@LO\uATWPE
20177881,Lang Yen Phu Loop,Vietnam,802.3,H√† N·ªôi,4474,}yn_Cge~dSDREd@DVGVQPm@P[FoA`@UA]HGFSHIJSDGJK`@SJm@P[\E`@Ft@KVQXAPM\APFNNFTAb@Mf@CVGf@CREFIx@?rAWLIZ_@FMBSFM@KEo@@OAWViAFg@?g@
16848067,Old 1/4 DASH ,Vietnam,287.9,H√† N·ªôi,6494,}cj_Cyt_eSMm@_@[CKMOSm@m@iA[y@MSa@_@UcAQi@AS
33617956,Hang Bong - Hang Gai legend,Vietnam,735.4,Hanoi,4844,oej_Caw_eSASMIW]CYM[ESU[[k@I_@WWQ[KYEi@ISOSs@}AMg@MWCMeAmBMO[q@M_@E[s@mAG]s@q@Yg@GUKO_AwBU]
37457493,3K C√¥ng vi√™n Th·ªëng Nh·∫•t,Vietnam,3005.8,H√† N·ªôi,20537,eff_Cqf_eSFe@?[FKNGJ@^RJAFIAMOe@Mq@Im@Ek@BYN{@?YQc@Mq@ASBk@GiAEUW]o@c@UIk@Ci@Bm@C]Ha@Dy@@oAOYHONMFo@NIAIEs@m@YOu@Ya@E}@@c@D]JeAr@OD[?iAI{@DoB?e@Mk@Ki@O]GGCO[MGCSDe@?mAFkAAIAbAEn@@d@Eh@ElAEb@GpCGXMPODoAA_CKIJ@FFBdDFb@BPFDFDTCvAEf@FHx@@`DGPDBH@VCPKH[?]DKNCLAd@D|@ItABPXLTBx@Q`@Cx@Jf@LZChA@LCjADtAAt@Bp@KXM^GdA@~@AVBRH^RJB~@B|ACd@Bt@@p@E^GJGR_@F[
30356950,Time vong to,Vietnam,1676.1,H√† N·ªôi,3852,_}c_CuvdeSb@K^?xAFb@ApCFlBWh@BlACh@Bh@Cd@D^NFrAGtA@l@PpA@rAEj@Kv@HtBFl@AzABl@Gb@c@HoAKyCCe@E}CBuBCe@DiAVa@EEi@?sAKiACsAJkDPe@UqDEqAGg@Ne@
35750965,[VNO] Times City Loop [02][M][CW],Vietnam,1025.8,H√† N·ªôi,3780,}gc_CehdeScA@y@JgADwKB_@A_@GMGEa@Em@AmAGm@FgARChBBp@Av@B|@ArAD~@G~EBr@EJhCAz@
33905151,L√Ω Th√°i T·ªï (Ng√¥ Quy·ªÅn),Vietnam,539.5,Hanoi,28972,syj_CevaeSp@E`@@p@G\EdCm@hAOb@Qj@K`A[|AWv@YrBS`Bo@l@K
33909623,L√Ω Th∆∞·ªùng Ki·ªát (H√†ng B√†i),Vietnam,363.0,Hanoi,11953,uxh_Ca_beSi@pDOl@SrBUz@UbAM`@a@hBGh@GP
33909626,L√Ω Th∆∞·ªùng Ki·ªát (Quang Trung),Vietnam,358.5,Hanoi,14782,w~h_CeiaeSMp@Ch@g@xBs@`EE^[tAYz@Qp@GN
33354817,Nha Chung to Ly Quoc Su street,Vietnam,550.2,H√† N·ªôi,23006,yui_C{y`eSmB[]?w@Js@Ta@Py@LkAVc@?eB|@k@POJyBn@[Le@LWLkAPGHSD
33909393,L√Ω Nam ƒê·∫ø (Tr·∫ßn Ph√∫),Vietnam,514.0,Hanoi,25505,ijk_Cwy_eSJD`@FZ?l@Db@Hp@DZFjANxCZl@NnARrBH`@Fl@Bd@Jj@F^N
33909383,Tr·∫ßn Ph√∫ (ƒêi·ªán Bi√™n Ph·ªß),Vietnam,300.0,Hanoi,27536,wmj_Cas_eSAb@K^Bn@Gr@Qx@KfAe@vDUpA
13547534,Chops to Chops 5k loop,Vietnam,2782.6,H√† N·ªôi,21678,kvp_Cyu|dSl@f@b@LbB|@ZZVd@Nf@fBtB\X~A|@hBtBZXjAzAx@v@b@H`@TbA`BjD|HY`@c@\\W`@M\T^h@Rb@~A~Bn@dAL^mClCQ`@g@R_@ZcAj@qCpBf@g@uBjBwB~Ac@RiAZc@?e@Ec@Ig@Ma@UY[Ka@]S[_@Qs@S_@_Aq@Wa@g@aAq@_AQc@Ig@Oc@Ci@I]Hd@AVc@PY^g@|CW^oBXoAFc@FO?W_@gAkCa@mAkAkC
13547551,"Quang An run to ""the mountain""",Vietnam,769.7,H√† N·ªôi,28581,_sp_Cgs|dSdAd@`@Vh@bApAtAR`@|@t@|@f@hAzAZ\jChC^Xd@JZZhA`Bp@pBr@fB\jA
13267713,Phu Tay Ho,Vietnam,720.7,H√† N·ªôi,28728,eto_Cm`{dSSRQFKPg@VWH]ZQJCFw@x@G?EDODSNMRC?g@ZCHE?[^MFIJYLg@ZI?[LM?CDE@UB[HU@MEc@CKBKEKAQGIKG@EG_@WS_@MOO[MMA]GSECGO?KIACGOIUSEKKE[]OIK_@GI
34344549,Quang Ba Arc,Vietnam,1922.3,Hanoi,26970,oup_Cid{dSOa@OOMAGFYHGFOb@APGNWdB?JGRIHG@_@@kAJIA[Bc@Hk@DKCCA_@aAGISaAGECMOOESQ]AKGIQi@_AwAM]OSIIo@QmAk@QE_ABEFATCD?n@Nh@^|@HLJ^DF?JJ\AHDJFb@Rn@Hl@ITUVKVC`@D`@M\WXk@\m@z@SHWGCCQ]K[QYKOQCIFG?OJk@T]PI@i@XO@WFc@@OCSQOa@_@m@}@sBCKk@kAKe@?UHQdBuB@GAK@UKa@w@mBIGKW]YUKQCWCa@@UIIDG?
19242505,Ao Thuy Su - Sprint,Vietnam,240.5,H√† N·ªôi,30020,}bq_C{~zdSyAkDYi@cB{D
3470854,Tay Ho run 1,Vietnam,1705.82,Hanoi,28052,apq_Cck{dSAVN^Lf@JX@RTr@Nx@RjB?HOTUPEZAdAIVYZs@`@m@p@GBQIU[Q]KASOGAMBMCI@qB`A{@NK?YEMGII{@wBQWOg@OSu@oB@YJYx@eAf@k@DKBc@COQg@WOk@{AOUIEg@Mk@Co@?YB_@P_Bn@QRO`@u@h@IBc@@KDU?]Je@VIAMBs@PSTSJMPGVKHS`AKVg@`@y@v@OVqAr@
13547597,Dilly Dam dilly Dam Dong - run run run,Vietnam,698.8,H√† N·ªôi,31001,wuq_C_zzdSiCtAa@JiAA[W}CyGKc@Jc@Va@jAwANe@Me@Qc@]iAi@cA_@Qc@EmAB
34344577,Tay Ho Pub Crawl,Vietnam,310.7,Hanoi,34215,{gr_C_o{dSK?MDa@HQJSFKNa@VONc@`A[X]Nc@Fg@L]B{@T]Dc@F
28937020,Nhat Tan bridge forward,Vietnam,5987.0,H√† N·ªôi,4219,u_r_C_nydS_@EOR_@~@_BlFUj@eApDCDw@ZYFOCiA_@WCa@OWCy@Ws@Y[ECCQCg@Q{Ac@QMOCw@YYE{@Yo@Kg@S_ASm@U}A_@{@]SCc@SIA_Ac@ME[SYKUQUEYOwBqAYKmAs@WKiAs@_Ac@gAm@CCSGKOsB{@WS}A_Aw@[MKWKe@[i@WgAa@_@Ss@SWO[[i@Wg@]MEc@YYMwBiAsAm@w@c@a@QmCyAOE}@i@cAe@MKi@QyBeAm@Q_Ac@yAa@_@SOCUKg@Mo@Ya@K[Sy@UmCaAe@KwCiAOEc@Uy@We@S_AY}@a@kA_@w@[}Ac@s@[c@K[QWIg@UuDmA]QmBk@oAc@QOgAYs@[UEeAc@gDiA}@c@QA_@KKI]Ia@Uy@SwB{@QC_@Kc@Ue@Mw@[g@Ic@Q[Me@[o@UyBm@a@QMEe@U{@QsAc@sAWq@OKE{@MYIo@Ii@Mi@G{A_@}Ba@oBI}@QaAKiCGc@Kc@G}CAa@Gs@C_C@i@EeBCWCwBAiC?m@DwA?KAIBs@?oCGYAGAM@QCgBCg@CBAC@AE@CB?BD@AGC?CCFC?L@AAC@BFVA`@Dt@?
23769837,Stairway to heaven,Vietnam,3992.3,H√† N·ªôi,5833,cbu_CcjzdSwAs@o@a@oAi@sBkAkBu@mA_@qB_AwAa@u@Wq@OYOKAk@Ui@[_@Ig@UsAg@o@[cCw@g@Ui@MKAaBk@uEkBgBg@eCy@e@UoAa@_@U_@KUMu@WaBw@}A[wAe@s@[WI_A_@s@S{Aw@}Ag@[GaAa@sA[c@W_@Ki@Yu@SgBq@}@W}Bs@aAe@k@MWMaA[[O_@G}@a@aHeBs@Ka@IiAOo@Mq@Kc@Mg@Ki@I_ACa@MUCmESm@Ko@BUA{@MmAGm@@uAGcC@gADsAGqAAkADeBEaABkAC{ADo@EgABcCIW@e@IK?_@GWC[D_@?q@BaCAcAD
30848606,Fly with Bee on the Red River dike,Vietnam,735.0,H√† N·ªôi,4845,a`z_Co~}dSHaAFQPmA`@sB\aCJ_@XeBJu@AUVw@ToAPu@He@L[|@{DJQVcAJUFi@T{@NgA
33865335,Gia Th∆∞·ª£ng - Ng·ªçc Th·ª•y,Vietnam,2606.5,Hanoi,12710,ydr_CusfeS}@qCuAyD}@sCc@eAwAcFc@gASy@iDqKi@eC}@qBUk@Sw@[u@W_AaC}GaCiHi@oAOk@[q@Mk@]}@oDqLYs@]mAAc@@q@JgAAu@S{Ao@sBKk@Cs@JyA@aB[iBIgADy@RaBXsAHk@Ne@BSG_AUmBCm@
33914087,Ng√¥ Gia T·ª± (ƒê·∫∑ng V≈© H·ª∑),Vietnam,733.5,Hanoi,11511,}ds_Cg~keS`@X|@dA^ZbBfBf@b@f@n@|CvCbBxAhDpDd@`@b@b@v@n@dBfB
33914089,Nguy·ªÖn Cao Luy·ªán (V·∫°n H·∫°nh),Vietnam,513.0,Hanoi,12117,adr_Cq`keSjAsA\e@Z[^o@PSn@aAz@eANUt@y@Zi@z@y@zAgBjAyA
33914096,L∆∞u Kh√°nh ƒê√†m,Vietnam,614.0,Hanoi,13839,{pp_CccleSR_@x@mCl@{Ap@mBTgAh@}AZu@f@eB`CqHVaA
33914098,H·ªôi X√° (Mai Ch√≠ Th·ªç),Vietnam,448.0,Hanoi,15742,koo_CqmmeSfDcBrB}@z@i@z@[x@c@h@Y~Am@x@c@n@U
17311604,Yen So Park - bridge 1,Vietnam,151.7,H√† N·ªôi,12669,qa|~BslaeSNWh@sA^cARa@Rm@
15005065,Yen So park - bridge 2,Vietnam,232.7,H√† N·ªôi,12629,{n|~Bi|aeSc@PcAVgHzA
17356820,Yen So Park (Cau 2 - Cong chinh),Vietnam,492.1,H√† N·ªôi,11034,uz|~BkxaeSI@]Ce@_AW[y@m@aA_@e@Ga@?k@DQFYP]\QH]I_@BYTw@~@w@f@_@BUI[SUI
17356825,Yen So Park (Cong chinh - Gamuda city Rd),Vietnam,749.5,H√† N·ªôi,7107,wq}~B{xaeSCCAYA_AEi@Ue@C]JuAJo@J]R]n@w@\Y\Gj@Ar@?`@CdAIzAG\GZAd@B~@N\H^BZAJER]FGJCNA`@DPKfA}@\A
30768126,Pepe-Tonyhouse 5km,Vietnam,4999.0,H√† N·ªôi,11341,ioo_Cud{dSYPSPc@l@k@d@q@d@c@b@mAv@c@b@iAr@uDxCiAj@WDe@@{@Am@KaAc@_@We@m@g@iAYc@]a@UKWSg@s@w@e@QWIk@]k@OaAEKEGIAGBQb@Kd@Gz@Kn@Mh@ILUHiBLqBJK?GGq@mAc@i@_@eAIe@Me@aAkCeAmBi@w@q@aBOOGAIBSLSTKZB`@?r@FdA?`@DRz@|BRx@H^Bv@Rp@?ZCJc@x@EV?h@GVORy@r@]h@GHKDK?KCKGQWe@}@IIIEKAIB}@h@iAh@UHs@BW?UMGKwAgDm@oA]}@GW@KJWzA_BLSJ_@?Yo@sAUc@a@i@Q]]U]GQDw@@QFi@Zc@d@o@dAO`@m@j@KBm@F}AH}AZe@FGDCJYfBOb@_@Xa@RkCfBOR?JHR^f@fAnAfA|AdAjAN^jAdBt@r@BH@\CNGLIHo@ZOJiAhAeCtBk@n@EHAJDFVN\FbBh@hAv@bB^hA^f@Zb@P\T~@b@r@T~At@jBv@|@h@LPZ|@FJTP|@R`AHhAf@PJFH
34315850,Phu Tay Temple Blessing,Vietnam,610.8,Hanoi,10607,emo_C{f{dSDDFATUJCR?PBXZLVVTHTNDJJNFRAVDd@p@F\AXGJYXEJa@VQAIGc@w@OOSTCNKPIDCFAXKLk@L_@BUHa@?]JSEIKQMk@y@Ym@OA
10143706,Rowing Club,Vietnam,2938.7,H√† N·ªôi,17733,yar_Cok{dSEIYcAo@[]E}@BYCK@[?i@\m@j@MRs@NMJy@\c@Zg@f@_@LkARc@NU^StAGTIJu@r@qAz@aAx@CH?LJTnBlC`@XTZ^j@Ld@jBnCRV\XDH@HAVEFc@RQBOJqAtA]Xm@p@[X_AdAGPDNTRr@`@LN`@Vr@^THTLPBZLf@Ld@Vv@PJFJLPDVLVFl@TZFZPXHNLbAf@VT`ATXLTNZZXJp@l@bAp@h@Pr@Dn@Xb@Xd@r@h@Z^Pr@N^?^FH@\EVBVJVZVR^Pv@PlAHT?PBVPt@NPFH?z@ZXXRNz@Rj@V^?j@E~@D|@Av@DXDFBfAz@^`@LBL?XK\Wf@?
8699728,South Side of West Lake,Vietnam,3792.1,H√† N·ªôi,18330,cuo_CwxxdSLMXsBDQVs@JOj@o@NIREdA@REN_AFsBFWPa@\WNGfAObEeARKlByANGPET@r@RPAfA_@f@Ed@K~@_@`EqAb@SzD}AbB_ARGbAOh@KRIVCVBd@Pz@PVBRAVETQx@]f@Y~@URCf@KTKPOj@kB^}AXgAPe@Nm@r@eCZwAd@iCBWF}A?YOkBBo@f@qC`@mB\iBb@eBFm@@u@LiAPa@b@u@Ni@BWS}BAYDY|@wBJONKREv@M`@QXYJUF{@B{AESm@kBCS?i@Nk@@YGWKUk@w@wAcDc@y@EUAs@Ke@k@o@sA}@[]AUn@iA@YEo@BaANeBZ_BBSGS][EWAo@@UJk@Bm@
35750956,[VNO] Times City Loop [03][L][CW],Vietnam,1251.3,H√† N·ªôi,2794,ohc_CehdeSeDPs@@iDA}EBYAGCMKGQEYAyAOcAG}AKe@AO@gAVw@LKVEbBBnAHnAEjBHvBGj@DnCAX@HBNPFTB\DhI
27495829,800m interval,Vietnam,805.4,H√† N·ªôi,2858,i|c_CawdeSdABjB?bBOxAEnA@|@IVGf@Ah@Fl@?NBJRLr@BhAAz@CPQFq@L}AI{@Bg@?SCg@Dq@Gi@?k@Dg@Hw@F
28322149,time v√≤ng nh·ªè,Vietnam,1326.9,H√† N·ªôi,3026,}ec_C}ldeSFh@HNGj@SlAa@PYBg@@g@Wi@A_@EeCJcE@g@F{BIWW?{FAwADuBZ]b@@h@Cd@Db@@|CUlAAh@BfA?jACh@Gh@?ZVLt@Dj@Mj@Qf@Mj@N`@J|@
18911203,Truc Bach island,Vietnam,714.6,H√† N·ªôi,733,uqm_Cmd_eSq@Vy@Pc@Rk@NKHCF@NV|AHPFFr@ZdAJr@?^BhAI^Kf@YdA_ALOLUBSCGIAI?YHSBU?WEOM_@s@w@g@SKMAO@UD
23360942,Manh Linh Loop,Vietnam,437.9,H√† N·ªôi,1054,exc_CeveeSH]Be@Mc@GMKGM?y@Rs@Ae@Mg@C[HGFEL?TD\An@DNHJ\@^Eh@CH@HAh@H`@?LAVOLY
33905513,B√† Tri·ªáu (L√™ ƒê·∫°i H√†nh),Vietnam,840.5,Hanoi,14385,qch_C}t`eS^@\KlAHpAEVEZDd@?b@FVAn@@ZC|A@PBRLF@^G\AX@NNH@rAIRE|B@NBLFH?\Gv@Ed@DZGn@Bp@L\Ef@@f@E\?n@J`@LZC
38079648,Hang Duong-Dong Xuan,Vietnam,334.7,H√† N·ªôi,19371,knk_Cgy`eSGDm@Nm@R{AVgBd@mA^yD|A
38079656,Hang Khoai,Vietnam,244.4,H√† N·ªôi,8402,{`l_Cir`eS[gAqAsCOm@e@mAK_@Yi@
38079668,TranNhatDuat-NguyenHuuHuan,Vietnam,904.6,Hanoi,17080,yfl_C{`aeSnBiBLKn@o@\SrBiB`Aq@n@]hEkDfAq@f@Q\GRDN?tBEl@AfAKr@ArCMp@AxBO
33905426,Ng√¥ Quy·ªÅn (Tr√†ng Ti·ªÅn),Vietnam,265.0,Hanoi,32488,o{i_Cu~aeS`@@h@Jt@Rl@V|@RjA^`ATfAN
38079672,Lo Duc,Vietnam,1143.6,H√† N·ªôi,12440,}bh_CiyaeSp@_@n@UZUhBaAn@SzBmA`Ac@d@OPMRGrBiApBs@j@a@hAi@`@O\Wd@Qf@e@f@[\]dAw@dDoB`Ay@t@a@VWr@g@RI|BiBt@c@
33909346,ƒê·∫°i C·ªì Vi·ªát (Th·ªëng Nh·∫•t Park),Vietnam,419.0,Hanoi,19871,cdf_Cc``eSd@pH`@jIBxBEf@
33952158,C·∫ßu v∆∞·ª£t Nguy·ªÖn Ch√≠ Thanh,Vietnam,641.0,Hanoi,11036,gdk_CexydShDt@jCd@hBb@hBT~Bl@vCn@dBZpEt@
16393852,Lieu Giai-Van Cao,Vietnam,1295.4,H√† N·ªôi,12717,uek_CewydSMKy@Sc@G]Wm@Ki@W[Kk@YUE_@BWEWKUQ{AYQGm@?cAMYO}AIaAa@OCc@Ec@YOEc@BWAQCa@OOAWMo@MQ?WFa@Iq@UYMs@MWIMIm@Om@GoBm@{@IMMKUOEO@SHI@u@Oo@S]Ds@IUMOUwAKe@UYa@K]Ca@
38079676,Pho Hue (Tran Hung Dao),Vietnam,1334.6,H√† N·ªôi,9886,whf_C_caeSw@FkBIi@BYE_ACcBIaA?w@ESGiA@uBCqBIk@BU?_DDiADiAJgCD[B_BVc@Jm@Be@AqAEi@Ky@Ew@Ow@S{@Oy@G_B[g@Cc@GMEs@Ke@@qAS
14279503,Hoan Kiem Lake Loop,Vietnam,1643.6,H√† N·ªôi,81123,gsi_CceaeSHM@G?QJo@?]Zq@Nk@Ba@CIEEkAa@_AAY@{@Ou@GK?e@Ci@Ke@@YAg@KMIaAGeAQmA?e@IiAIk@DSCe@Fk@`@[Fe@Po@^e@LWTi@j@IXO|@Gn@?r@EVDt@Nh@HNRVJHXHZPPDX@PAb@ONCL?`@HP@XMx@Wr@EpBUlCXZ@VFp@@j@KZIz@MvDiA
33905500,D·ªëc B√† Tri·ªáu,Vietnam,672.0,Hanoi,20043,cji_CiaaeSf@BrAR^JLHfAVf@VhBVxA\p@JnBj@bAPr@Vj@Hh@V`@DnB^THf@F~A`@
38079685,Tran Hung Dao - Thien Quang,Vietnam,406.2,H√† N·ªôi,4915,_zh_Cyp`eSd@LdAPxCp@t@T|@P~Bj@|@Xx@Lb@P`@F
35765550,[VNO] Times City Loop [02][M][ACW],Vietnam,1062.8,H√† N·ªôi,2867,mec_C}ideS@kCD]Eu@O?]Hi@?gAMeBCq@Ng@DiB?mACo@DwCEQ@EDAHBhAGxDDPFDb@DlBBzD@jBC|E@
35892573,[VHOP] Pearl Lake [ACW][Part 4][VNO],Vietnam,613.6,H√† N·ªôi,7272,sgc_CcrseSf@w@d@}@vBuEbK}S
35892615,[VHOP] Pearl Lake [ACW][Part 3][VNO],Vietnam,414.1,H√† N·ªôi,8502,sub_C}rteScBaAy@k@gA_Aq@w@a@k@]o@k@sAm@oBSqA
35895240,[VHOP] Pearl Lake [ACW][Part 2][VNO],Vietnam,423.1,H√† N·ªôi,7433,gqc_CidueSuBtCuDvFqDjF
36565544,Angel's uphill.Main part,Vietnam,730.9,Kh√°nh H√≤a Province,1038,__`jAifpySQV?^IT_AhAIV[b@YVQD_@N]F_@BGA}@TQEcAh@g@\s@XI@i@VUFSLSHON_@JI?GR]Hg@PU@KNIDS@e@TKRCR?RMl@?R@HDFb@XRH
30665953,Uphill H√≤n Ch·ªìng,Vietnam,215.0,Kh√°nh H√≤a,2652,g{{iAo~oySAGBS`@e@FS@QASm@{ACSBSFULKd@QX?
6513540,Ph·∫°m VƒÉn ƒê·ªìng Climb,Vietnam,434.2,Khanh Hoa province,9694,sk`jAkhuySEKEi@HcCA[Ik@i@mBIc@Oe@UI[Se@IwAj@u@`@WFQHEFMB
35864338,–í –≥–æ—Ä–∫—É –ì,Vietnam,1191.0,Kh√°nh H√≤a Province,7257,aq`jAywuySYHk@^q@RoAn@}EnBeCfAk@RmD~AgCbAc@J[@OCUG[Y[e@k@mAaAaBk@s@u@o@UWoBkBcAcAeA{AsBgC
38049535,Amiana - L∆∞∆°ng S∆°n,Vietnam,6662.2,Kh√°nh H√≤a Province,320,}p`jAuwuySw@XgAf@sBx@{Ar@wBv@eChAe@PeGhCi@Ng@A]MYUyBaEe@q@_A_AkD{Ca@e@kDoE[g@e@_@c@Ue@Gq@Aa@Da@Li@T]b@mAdBu@~@{@|@mA|@k@h@WNe@Rm@JoADc@?[B_@JWLURa@d@qAjBaBrAw@z@_@p@s@bBYf@gA`CEZ?T`@fBHf@@RIn@Q\UPcBz@uAb@kALmBDYBWHk@VmBnAi@h@Wb@]v@_@dAgA`Cc@hAIXe@fCEn@Bt@~@tF?ZE\Sb@QNg@VmEjBgBr@[Py@XqATeCFuA?}APuAb@c@T_@\Q\Mf@C\@XDXP^~@`AbD|Cd@^b@d@NVN\Dd@G\Sp@INi@r@U`@IZEf@?d@DZPp@f@nAFfAAXw@|Eu@rDaB~F{@rDc@rASt@Wt@c@z@MVe@n@c@d@kA~@}@b@wAj@w@Po@Hy@F_A@yEAqCDyCAq@EgAQaE_A_BYk@SgCi@mAOaAAi@@{AVq@Rs@\u@l@UXSR{@lAON
6513541,Ph·∫°m VƒÉn ƒê·ªìng Climb,Vietnam,815.0,Khanh Hoa province,3575,exajA}ruyS]]u@e@[g@I?s@i@CM]]c@m@g@y@c@g@a@k@UQOUg@g@GKGAWOu@i@SGKDOA}@TURi@XeBfC_BjBcA~@uAdA
35864341,–ø—Ä—è–º–∞—è,Vietnam,1181.7,Kh√°nh H√≤a Province,9238,so`jA}esySFtCV~CVlBl@xC~@zC~AnDVt@|@dBfBbEd@r@j@pAj@dAl@tARh@jAbCNj@PfAJvA?r@
3564791,Tr·∫ßn Ph√∫ Climb,Vietnam,2266.96,Khanh Hoa province,7572,y`tiAwvnySLSH_@hAYv@[RGPKPGb@?b@IJ?PEn@E^Iz@[`@I`@SZEh@Ob@S`AWROxAm@l@[p@Ul@[ZEx@]PC|B}@d@KfB{@jDsA|@c@~@YdB{@t@Yr@_@r@Yt@c@RGNK\Ov@a@tFmC|A_AjAaA~BgC^]|@eAbDcDn@u@pBkBt@}@t@o@bBiB~@{@NSjAgA
4785441,Happy Light to Havana,Vietnam,504.7,Khanh Hoa province,1698,kiuiAwunyScHf@kEV{Kb@
13844327,UBND Hoang Mai 1.1Km,Vietnam,1142.7,H√† N·ªôi,1036,en~~Bqr`eSF~@BnCCfBDNjABbAARb@Hd@Bf@G~CFlA@f@Cd@d@?nBGZIDw@?uEEg@OU}@m@Ua@C}D@[EgADMEq@AEc@AkADu@CiA?
35765546,[VNO] Times City Loop [03][L][ACW],Vietnam,1280.2,H√† N·ªôi,2658,mec_CqjdeSFkCGaFC]KQc@Sc@AkADm@LiABuCCu@Be@?s@CuC?_@NKLAFAl@DdFD|AAv@Bh@FLPDbDDdCCnJB
38094089,TranKhatChan (LoDuc-Hue),Vietnam,924.9,H√† N·ªôi,12374,}jf_Cg{beSF|BG\FnBGnAH`@GlA@t@Ed@Dt@AdABj@InCB`AJ`CLj@PxBBb@ARXlARvCP`A@jAMx@El@
34344625,Phu Tay Temple Blessing Return,Vietnam,601.3,Hanoi,6909,ato_Cg`{dSr@`@RTf@z@NLJAPOJ@HCVKRBVANDHCH?JIHSHKDMAY`@[@@BHTFBFZRFRFFD@NIHQHAHMF?FMHCBQEGE[KSCKSQEAYBCAEBKCMOIMCMOMCGSQMOWOUEYLGJSDC?KM
30409431,East side @ Banana Island,Vietnam,1254.5,H√† N·ªôi,1441,awm_C}haeS}Ap@iAn@aDtAmCtA]Vg@Rw@r@u@z@yB|Au@T}Bd@wAb@aDxAoBlA_APIFOb@IFk@X}CbBuAb@q@b@m@R]XaBfAOF
38411829,ƒê∆∞·ªùng Ho√†ng Di·ªáu,Vietnam,874.0,H√† N·ªôi,2692,_ql_Cyz~dS`@CrAJnA@^H`@@`ANVLn@D\A~@FVDx@?TFd@BVFVCv@Fh@Mb@VVJ\ER?p@L|@Fv@Jp@?b@I\H^@h@NVEj@JnBB^Hh@PHFDJ
35025068,Sprint 400m Flower Lake,Vietnam,417.3,Hanoi,3413,egs_CavzdSSJe@^}BnBkA|@SJI?MCQO}C}C[]c@s@AIDA
30738459,ƒê∆∞·ªùng ven k√™nh 1 chi·ªÅu,Vietnam,1174.5,H√† N·ªôi,1103,}v__CqnceS?zDGfD?zACfIElA?z@xCjNtArFN^^d@ZVZPbAPnD`@pBX
17356810,Yen So Park (Cong chinh - Cau 1),Vietnam,1544.4,H√† N·ªôi,9238,wp}~BysaeSQR_@PUVI^QbB_@fCU^_@NORMtBGb@Ad@J`@b@dABV?`@Rf@ZLX@d@E`@H^Nx@@xCEd@Kr@GdDSPE`@WXYfBq@^CTGb@Lx@BHC^SZUHCb@Cj@f@d@AXSHS@i@FQ\]XOZKXSdAoBZ[T@^?JMHi@DC`@?\It@g@n@E
17356817,Yen So Park (Cau 1 - Cau 2),Vietnam,1003.2,H√† N·ªôi,3791,i}{~B_uaeSa@{@UgAKoAQ}@g@eAEa@Ka@c@oAGIUQ_@KMMm@kBCiAQMUBIP?DFNTPJTH`@b@~@TTf@XPR`@bANf@@HEHe@Jy@LcBZOCq@q@]S_@I]FQXG`@E|@U\
23233143,Yen So Park 2000m.,Vietnam,1996.1,H√† N·ªôi,198,ei|~Bs~aeS[g@_@]SI]@UTK`@I|@MZOLwBf@iARoAZyAX]BWGs@gA[UGIUQu@_@q@Su@K]@c@Lo@l@MFs@KMFkAvA{@p@i@r@ElAj@PJLL\ZhATh@PT^\fAt@LFRBZJHC`BBTBXJXDNANGNSH]|@oAb@}@TkABqAA{@E]FU`@Mj@GbDu@f@Q~@Or@SLD\b@D@bAjAXBREVUNa@Bc@Fc@A[IWII
15005071,Yen So full 3Km,Vietnam,3124.7,H√† N·ªôi,520,qp}~BmsaeSb@J\Tr@hBTb@r@x@^RhA^b@Dh@Df@?f@Df@Ld@ET_@Re@p@}@T_@Rc@Lg@Di@EsAImAT]b@I~F{AfAS`@KV]BsAVa@d@G^PTPp@|@d@@pBg@d@QZANb@Tb@Pb@f@|CT|@Rb@Gf@i@dAqAbDEFa@@a@F}@h@e@DWRMd@e@Bc@N[Zi@fAYXe@N_@XY^@j@Q`@e@Rc@G][c@IQF]V_@N]De@@gAc@a@@w@z@_@TW\_@Pc@Fe@?kCPe@LQ@aE@gA[iAJa@QQa@AMBi@_@gAUa@?i@Je@HwBx@u@La@ZkCT}ATa@ZU^I
17293530,Y√™n S·ªü park - c·∫ßu,Vietnam,203.1,H√† N·ªôi,3968,oz|~BmxaeSfEgAtCi@
33816330,Yen So Park - ƒê·∫£o nh·ªè,Vietnam,406.4,Hanoi,1023,wn|~By{aeSJCTJRPj@t@`@Nb@INMJQHa@Fs@?]Qa@_@i@WUg@Qc@DUZKzAW`@KD
34361490,Ga 400,Vietnam,343.9,Hanoi,3644,u|__CgkfeStCr@lDb@fDBbAAp@E
17680737,Yen So Park Full Loop 3Km,Vietnam,3062.9,H√† N·ªôi,6092,cr}~BayaeS?d@\ZAjAId@_@PW^Mb@KlAQjAYrAW^g@`@QnDBf@V^Jd@DlAT\\N`@@ZOfAVd@Dz@Fr@Gl@@b@KZEd@CHCf@Ar@IhAE`@SVa@v@s@NYPKd@D`@R`@NVBd@Ab@Oz@k@T?Z\`@J`@CV_@By@Va@\Yr@YT[b@eAT]^QRD`@CFk@NKd@CXI`@SDIn@M^Mf@sAh@cB^cAKe@KU_@cBAe@Ig@Us@c@gAY?eA\}@Va@F_@SU_@QQ]Ug@E_@TM`@MlASd@iARgBb@qCj@WHc@Fg@FECa@{@Ye@y@u@c@Sa@Ka@Gc@?e@Ba@NOJCFa@`@c@Ic@@[VaAlA]Pc@Nc@Ic@[
17356829,Yen So Park (Gamuda city Rd - Cong chinh),Vietnam,726.2,H√† N·ªôi,6374,ev|~BilbeSQZw@l@SHgANe@`@YD_@C_AUcAE{@@mCT{@@{@FYHSA]DURQ\e@h@KRK^UpCZx@D|A
22909857,Times & Park Hill Loop,Vietnam,2351.8,H√† N·ªôi,1488,q|c_CewdeSFC^B|@d@`@BJA\OLHd@KT?JFb@e@l@\j@DPHf@BZF^WhAMh@ARJR@ZIRD^@HCJ?HFPQx@c@TCDBJERFb@OP@HHbAj@~@_@hBXBBCTIRMRG`@Db@_@l@CLF\^|@F`@LVCHEBBJUTc@XK^UF{ApAMh@A\E^H`@BVQf@Ed@Jd@Tf@\f@F\MTCBc@OA@YAK@Q]MKe@K_@?e@Wc@Oc@a@WI_AAe@JoABe@Au@K_@@MAi@D]?k@E]D_@?y@GU@yBl@EAU]UoAQY@UFYOQBSKSBk@Nk@@WHc@AMFMFAS_@?QBM@WA_@S]@g@NiAC_@FUSSWe@?ELQFC|@AHC
18473480,EcoPark TownShip 2,Vietnam,1942.6,H∆∞ng Y√™n,4805,kv}~BkeoeSvGNPPdApCT`Ar@`Ct@pBFXJv@J`@RPXDf@?XI\KrB_AxBiApAi@r@Md@Ax@VRPjAj@hDzAZH`@B^EZMXYbAwCx@uBZaARe@v@gCvBeG\yAHk@Dg@?e@G[WU[MeBYu@UaAa@uAy@_@O
35952039,Grand The Island 3.5k,Vietnam,3511.5,H∆∞ng Y√™n Province,209,i{|~BkvneSTMLOtAc@RMh@E`@BJBl@^PFR@VHFFLPXPd@P`@GF@PJFLNJj@RTDR?b@ERG@Q@GXKLi@Vm@XaALQHUPcAV_@t@mBHm@DSXe@JW@[He@NUNMBa@Li@XWTo@Hc@B_AFW?[Ga@Q[GEc@M}@Om@UaAW_@U[Wc@QGKOIIAe@HSE[[E[SWa@UaBoAw@u@a@YmAiAOSc@_@KEUFK?QN[R_@Fo@HgB@w@XSDa@N]Ta@JSAm@DeAPQCWKUEaABkAL_@Nq@PaARi@ESF[ASJY@[RUBURQHg@HQRKD[CW?WQQEU?SEOBWnB?fAGT@f@Hh@Rr@\l@j@z@j@`AbBvBFFN?^H^b@VB^J\BRD\?VBpAAn@THPDd@NLt@nBTz@PTTn@Jb@?ZFRRl@JJ\bAHFb@J`@Vx@BPLH@|BgAr@c@
25239123,H·ªí HO√ÄN KI·∫æM (STRYD),Vietnam,1653.0,H√† N·ªôi,82938,gri_CamaeS_@Mc@EOG_@@IEWAYGS?e@KwAEcAOeCSUGS?u@MeAJQEm@?MEiBEYCUB[FUPs@\QRe@LGHy@j@OZEZAXCRAj@Gn@C`@Gb@@h@Rb@TXRLJJXPb@DZADET?NIV?REJGR?HEJAT@VIJ@JDZ@dAUJERFTADCbABFC?KD?\FL?h@L\BbAQ^EH@b@GL?RK`@GXONEZ@f@MN?TCN?b@c@Pe@Da@HWNkATs@Ea@GIIA
25517489,Nguy·ªÖn H·ªØu Th·ªç - Gi·∫£i Ph√≥ng - H·ªì Linh ƒê√†m,Vietnam,1523.3,H√† N·ªôi,2670,eq~~Bi`}dSC[[eBMe@Gi@e@uAKq@Ee@]}Aa@yAKm@w@}CYiBI}@Ck@?_@Ec@@WCe@G_EEYBm@IuA?sAP}@Vg@d@u@Pc@LSHU`@_BD_CL]RUlA]|Ba@~C_@pAKl@CbE@
17103159,Hanoi lake west side,Vietnam,612.5,H√† N·ªôi,18981,uxi_CkdaeS[HM?g@P_@Fy@Bg@Ha@JOHe@E[Ko@GqAJ[?g@B]FWLQBkAAu@h@YBe@TWBa@A]E]KECQWAUOg@JsAG[FQ
33909332,Tr·∫ßn Nh√¢n T√¥ng (H·ªì Thi·ªÅn Quang),Vietnam,350.0,Hanoi,15231,a}g_Csq_eSD_AGoA@w@Am@HeBAk@HqA?gAFmBAQ
14279464,Thien Quang Lake Loop,Vietnam,1088.0,H√† N·ªôi,4431,m}g_Cqy_eSBi@AYD_A?m@Fk@Ck@HkAEg@EMOQ}@[MMg@QWEYKIAMHE@UCSGI@IFST]NQVId@QVUfAMhASnAQd@@|@OfAITETBLVNBFAh@BFBBNBrACdALb@Hd@Bx@T\BBEVM\a@N{@NsB
30259008,1_v√≤ng_Ph·ªë_ƒëi_b·ªô,Vietnam,3137.2,Haiphong,360,eth~Bk_ajSu@DWO]{@?IRM\ILIDcA[iAEc@_@cAm@wCO_B?gAKgAEeCQgAA_@M{AGkAUoAOi@SsAc@iBM_@S_@_AoA[Uy@_@q@QuASUAwA@SFU?u@LWT{@d@UF[DURAf@RdAZfA?\DWBUGiASmAA[_@qCK}ABKDIhA{ALADH@d@DZVjAH?FE`AUpAM`A@rAF|ATx@Tn@`@tAfAz@~@V^Rn@VpA`@`BJbATjAJb@N~BAhADz@@jAJrBRhALbBNj@f@~BZr@Df@Rz@^`AnAhBN\TH
38886955,The Lu run,Vietnam,1075.0,H·∫£i Ph√≤ng,5823,quh~BgdajSUwAGc@?YIYIMEOAg@CGMME[Q_@?OI_@?SBUGe@N[?GCSQc@I]AeADc@KeAO]GWBq@Em@CGG_@BUCS?a@BMGi@MSI[KMF_@Eg@CKY[GUA[SSQq@IOQOOU_@WOKa@M]Ym@Si@EY@g@Ea@?ICSAmALU?CDAAQFK@UNI@
20450716,Cau dat str_to central,Vietnam,571.4,H·∫£i Ph√≤ng,3485,aug~BqadjSuA~BGFa@Ts@dAs@x@i@t@[j@a@b@U^o@t@k@z@SRi@x@{A|Ag@`@s@`@
34030718,Cat Ba Pearl,Vietnam,633.1,Haiphong,4842,cwm}B}hklSZHf@VPPT^b@bBLj@@rAFR?TDLJz@FLH^?DDPBXHV?DJX?FRRRDXIZSj@UVQTGTOv@QVMLAt@WF@FCD@RCd@SJI
25517475, B·ªù Nam Linh ƒê√†m,Vietnam,560.1,H√† N·ªôi,7321,ub}~Bsy|dSDY?UIcAMcAC}@UoBG_AQ{AGw@a@sDG_@a@cFG[GQ
28961254,VinhHoang Lake,Vietnam,1021.6,H√† N·ªôi,1765,cva_Cy`deSFi@GiEQsAAg@D_@Ng@N_@Z[b@K`@CvB?r@EVBNd@PnADt@@tAHrBW~CAh@Ed@Q^q@Na@Pa@FcA@e@DWLYIUc@Ka@E[@qA
18907783,Cat Cat climb to Sapa,Vietnam,1848.4,L√†o Cai,1196,uphgCsfvxRSSK[Ow@Ag@?]Jq@f@cBKc@k@a@cAc@[YIw@?YV]XGv@UZYNSRa@Ig@Ai@Jq@HYBg@?QOk@Ag@Jg@CaBBi@^qALS^SJUa@MSHgA`A_@R_At@c@|@]b@OnAUVGAEGEg@BcBAs@BUJ_@F_@Fk@Le@?IKUe@F_@N_@YQsAQgAIoACqBDYl@}@To@Lg@?i@Se@]U[wAk@y@s@s@
32722039,Hamrong climb,Vietnam,2937.7,L√†o Cai,2700,{gigC}yxxREACIMCCIE?HIMFKQUGKGCGGEGMAKQI[E?CEIBIAQAE@??DAAR]C@JId@gAHIFYDEFA@EFEDQDC@EFCXe@@_@EM?MCA?SJKNWD_@XMDGZ{@HKBIBUNGHKLGBGDsAAEBKb@DBIFIf@_@JQXUPITa@JEFKVc@FMDG@ERUCAKDB??EKW@SM[YWIAI[]SOQ]m@EUJUDU@eBZe@`@_@T[IWASAW@MCMOe@?KUq@]g@EEE[EEBEDq@ASDs@?[AC?DEAQk@e@m@Qi@DGD?@@\?BC?q@Ba@ESEy@@o@G_@H{@DOGw@BK?@C??k@DODI?TLEAA?ICE@EIQESAAI@@IMYMy@Se@AOEGg@QGI?EQS?EF?BEAMBKAY@EEOKESQ@E?@HADGC{@C?RWDUNMBMOU?QD?NBDCBIGo@@ABSSe@BEAKFi@L[LK@IH@@ADD@FCRHH?HVPA\@BD@HADBLB\EH?RDVAAUDGRSLGJWPKNYJKHEPS@@@c@DCLc@T]HYJSF[?QH[FMHG@@WS@QHEFINi@FEHIPm@D]LU\gABSMcAB]AIAGKGCI
38925264,Ticket Barrier to Gate,Vietnam,780.2,L√†o Cai Province,2974,mkigCu`yxRNg@Xk@h@o@HMLMP_@BKEWKY@CNQF_@HSJI^_ANQ@UBEPQVM@CDaBP?JGJAn@c@@Gl@e@LQVg@LMTg@Ze@Q[B[QYMOUIGUo@m@a@u@AIPi@JKIFEM@SFUAW
38925263,Gate to Hamrong Top,Vietnam,1617.6,L√†o Cai Province,2874,u_igC{fzxRf@u@RMDKGa@@SEo@GQIm@IUMUEGMGQa@He@GaA?u@BQGUQ[@i@Is@@CBY@q@Ig@CiA@OEa@Ho@AIFM?a@GUFI@MBAFS?O@B?GCWEMMOKWEa@Oi@?MOY?GKOa@Ka@g@?ODUKw@IQHWGk@RYJ_@J?NKH?CI?WCMDW?ILQ?SDCC[@MBCCGNYJGB?JNBJTPPEb@@TGH?BIRUXSHQHGLCT_@XWF]Ng@LYHITa@F_@@UDM@MLOAMKU@GPYNc@PSRu@R[B[Ri@D_@Km@B}@
38925267,Hamrong Ridge,Vietnam,515.7,L√†o Cai Province,3265,saigCe_|xRPPPEb@@TGH?BIRUXSHQHGLCT_@XWF]Ng@LYHITa@F_@@UDM@MLOAMKU@GPYNc@PSRu@R[B[Ri@Bc@Ii@?S
5710250,QL.4E Climb,Vietnam,499.8,Lao Cai,2243,{e~fCg}nyRw@dB@\LXAVHlBLxA@f@Fb@N^DZShAAX@XFp@f@tBE`@Yf@EZ
35469947,VMM K Killer Climb,Vietnam,888.5,L√†o Cai Province,1043,ow~fC{xiyRAJNh@ELi@t@GTAZ@TH\F`@G`@?ZEX?h@QVQt@E|@DHFALY`@Sn@s@FK@GJEJAFF?HOh@Ah@BXCN@PNl@@RCHBl@FDBAF@?BFb@Ln@V`@DVHN@TBT`@nA@VPTABG?IGOAKEKGMQKISKIAEFFPALIHGl@
5710037,Gi√†ng T·∫£ Ch·∫£i - T·∫£ Van Climb,Vietnam,507.6,Lao Cai,2189,k{agCymcyRC?KQA@ADQHUGCJ@ZGREDE??DMJCPGDBDEFAREBQp@OXGVINs@n@[l@[ZAPB\ADZl@LFBB@JEN]Tg@JWLWFGFSb@?LET?L
5709885,M∆∞·ªùng Hoa Climb,Vietnam,784.7,Lao Cai,3685,mpegCy_zxR?Bq@f@MPSb@KJKXEb@WTEJQNAv@Qt@OjASfBBHAPwAG{A`@i@Dk@?SH[IEE[F[?Ye@Se@KCm@Va@Ii@HOUCg@J_@CQFS_@Iw@B
5710039,M∆∞·ªùng Hoa Climb,Vietnam,315.8,Lao Cai,3891,oofgCmnyxRMLG\@FOn@IDGNALGFM\KPOJU?GEI@CCMBQEO@SCSDIASKMAGE?Ek@EIQEWIGBG?IGB
5709886,Fansipan Climb,Vietnam,766.0,Lao Cai,3652,gfggC{qxxRQr@k@^Qj@g@l@GPNZEx@[f@c@V]Ve@f@MxA?XSh@e@h@EP_@t@Ij@AfAUTHb@Oh@e@l@Qf@A`@_@l@w@`AKV?p@Ft@
39850795,ƒê·ªìi B√≤ - T·∫£ Ph√¨n VMM 2024,Vietnam,5862.0,L√†o Cai Province,1786,iargCwarxR?@UG_@@GCIGYCGAODQa@QA]FIMG@ECK@EEO?QI]I[MYQKYOQMCU@o@Sc@e@m@S_@Au@Kw@@q@AcBH]Ia@Qo@k@_@Im@Yg@Ca@OCGUo@?o@Ia@Ec@EIEAg@AKJa@LIJGPMLW`@SJa@b@SLq@LMGGQOSIAm@BUMg@Ku@c@]OWUKGWCQFS@k@Eg@Ua@GCIBMCGKGQ@MLIt@OFS@[CKGEMKJQDYAMBWE]@WCO@MBO?]YSGOKi@KQGYBQQc@QK]WSKQUUMe@GY?c@Qq@_@a@m@YEEP[A_AFi@I[LKBQCw@@QEa@IU?QEIEc@Qw@@WHQD]CK?WKyAIk@?a@So@?QDE@KIUAMHk@C_@D_@CIJQKo@?GE[AYDKG[Ce@Ka@G_@ISE_@Fa@b@}@D{@Fu@Ae@Ee@M]@YCYB]O_@YYSO@KEKIES@IECGQiA@IHG@CM_@E}@@KN]@]KWGi@@UGIMg@EIIUMMUCACL{@FKDANBTGDGRHd@INKFA^[PEZAb@GHE@EAMg@o@SUSKGEMe@Wc@Mi@@ULi@Ti@@MG]@QCWGa@M[EW?WF[@OCC_@MEGL]Zi@?o@BKVc@G_@KSQOOO[Ss@cAk@YE?c@NMNGjAEHONCJBd@CJMBkA?MGWQIAK@y@TMFIJKh@KV[XWLG?IIIQGa@KMUMo@Su@MIIEKAMBMFK`@a@Ze@La@HM@Q?q@Ic@m@mAQWWu@C]HaCFc@?[Aa@Bs@Ck@c@mBm@{AKi@?YH]Rg@H[nAuBDUCWKWa@[MYKa@BK?OCMECYBQISA{@Wq@D{@Ps@USQ[Ee@QUCo@DICGIi@sAYk@QY_@YGKMEAO
32721532,VMM CP7 to Finish,Vietnam,7388.4,Lao Cai,4448,}~agCy`iyRB[DU?[e@aBECGOKEIKCIBKX_@TQx@a@F]^MLg@LWFm@HQDUFKJKZQt@eATWDAR@HI\CBCPYBg@Je@Xi@XMLSVMT]ZOFKBUTEBIHCJOZWJe@^YDILCPBHADEJCb@?FBFKRk@dA]TQJQ@IAKDMLW?EBA@KJSJEF@TOLBHAVKH?HGD?VKF?LIHKNi@?OF[@g@DKD?BECS@A@@BEFMH@FIFU?IBE?KB@@GRWNo@FE?QDI@c@Ra@DSAC?IDOB@DIJQJe@Zc@He@?]DGH]NIDG@a@C[@WFUKw@?WM[CQ?WFG?OBECIIEFGCI@IASDEH@FABOV_@DAZi@?SJ[?MCGDGAMRg@C[DKGU?YAO?GFGDODE?WPg@RsAE[DKCa@L]Ec@@IAa@Fa@CUFMHENWAo@EQBg@JEREJKHSBQ`@k@Nm@Hg@NWFYCSQYQG[?MMCOGO?IESIE[AIEUc@AOEAE_@MOIGOGYCi@AWKc@e@MSEQG_AIk@SQc@KWOOWQe@QQQK_@I_@Sg@OaBWQGqCm@UMGQAWBq@Fc@?CGEI@GF_@f@GLELMzA?ZFl@FRTZ?LEFQFO@KAMe@KM[Yi@[SUg@eAAKLg@Bc@GSY]AMBg@J[n@u@BOEEQ?}@PMH{@pAWb@GBGAGSA]Kk@@g@Ku@@q@HSVQhA[l@Gn@a@j@g@NIVGV@TEVIZUp@WBKAKQQQIKMBSLMJC|ASRELQBe@BKHGJCZAr@DdA?hAf@RBDEIeB@MPq@Fm@Z}@Bc@L]EQSOMAm@JM?EG?CHOLKNG`@CLK\w@DQCgAJUv@aABOA[DQNQPGZYBKCSDoBHm@JO\Qt@]?IICkAFEE@IRMr@S\[\Mp@CxAB`@INKFMBQ?g@@IHUXi@F[Aa@QaA?IFYt@g@d@QJGLWZ]LG\EVQRUDAd@HT@RMZ_@`@[f@KbA@ZK\[tByBhAq@fBoAb@Qh@g@^SNATNT`@Hh@L^RZ\Xv@^f@L^NX\RDDAPSZqAV[VQb@c@b@OZSJ]LaAVcAd@qAZ]pAc@b@I`@CPSCc@Mi@Go@BYRU^Ad@LH?vBYb@QZCJFVh@VFt@s@l@A
16115859,VMM Last Rocky Downhill,Vietnam,3429.4,L√†o Cai,6790,qo`gCiwlyREG[YiAKa@Q[]OQMiAMw@GMe@Ge@QMQQq@MQ]Us@Sc@S_AQeAC_A_@}@O[MGOA[BWAe@HW?EGGC@GDc@h@Qd@En@EZ@^Hn@NRDXMP[TOCBUEUKMm@e@e@KSOS[Y}@AGPq@B]AKKOSMCGBk@DSDGXO^]HOAKCCGCcAP]XS^_@h@S^GBMAEIEc@?UESFi@KWGYBs@FSVQHC\Cp@St@MHE^Wd@q@JGJAp@BZKb@[`@OJMBKIQi@UEMFUHGPEXCb@Kt@KFEBM?k@HIXCTAfAFh@?PDn@^^LB?Cg@EKOmABONWToALQDQFu@F[?GEGKAu@HM?CGBMROPK^ALEP]Hg@DI?e@Kg@@OJQVWV]@I?e@FYJKz@a@@EBGCY@o@AaAJ[V_@^Od@GHG@GGCe@?c@JGAAMHG|@W`@]d@W`@Cl@Hf@AVCLGHKBIBQAo@D[N]JMPc@Mm@]m@Fe@VWbAe@HANKP]VSNEb@ALEHGT[NCn@P
14184277,Topas Finish Sprint,Vietnam,298.8,L√†o Cai,4462,}a~fCaqpyRE[@ODOfAqBLg@BOHWT[dA_A`@QX?LEDOAw@
33865376,Ho√†ng Di·ªáu (Phan ƒê√¨nh Ph√πng),Vietnam,850.5,Hanoi,12892,sak_Cqt~dSoAQmHg@uFg@W@o@Io@AMCIGcAEa@Gm@A[EcCGmD]gAEcAM}@Cg@IIE
39867438,Tr√≠ch S√†i Lake View,Vietnam,1775.5,H√† N·ªôi,46132,khm_CanzdSUj@Mb@Wf@Ut@AJMZI\?XO`@@JADO\@F[n@ELINOF{Ab@g@TG@[LE@q@^WHc@ROBSAW@UHGAM@g@K[AGCq@XS?MD]@MFU?[L_@TSDaB|@OD}Ap@_@Nc@DcA`@q@P[LKHOBw@Zq@LUJQBKJ[D[Pc@Ha@Q_@EO@a@NiAr@MNGBQPYJc@DMF]BSLK@c@\o@Di@BWDQJ]RO`@A\HXMx@@PCNQZSP[Ng@DUFWLWVEFQJGRQv@@z@Oh@GF
34493000,Truong Sa Road ( Nhat Tan - Dong Tru Bridge),Vietnam,6771.3,Hanoi,1329,an|_Cgg~dSEO?ON_@tAeBrCoC`BqAvBgBlF_EpEsD`CgBtAkA|EsDpAiArAeAr@c@xE}DbAq@tAiAXQbBqAVUpB_BdBoAv@q@TOv@o@~BgBlB}AjCqB`DyBpAaAp@k@r@[rFwDl@g@n@]l@a@j@]xB_BrBoAx@o@`@U\YbBgAlA{@|GqEnB}Ax@k@lB{ArDcDjDcDnC_Cz@}@rAeAbB_Bd@]hAgAhLeKjAkAr@i@^c@z@q@HM~AwA`IaHhAiAhB}At@q@t@y@j@e@j@_@V[bJeIVY`B}AdEqDlAcAn@a@|A_AtDiBv@YbAg@fAc@fAi@hCcAn@]fDwAfA_@^O^GLBTNZVLBN?REFELOZcAd@i@hBy@`DsAlEeChAu@b@S
33860158,C·∫ßu ƒê√¥ng Tr√π - Dong Tru Bridge,Vietnam,1405.0,Hanoi,6025,kcs_C_yeeSr`@{VfBeApBcA|CoAlBk@lBc@dJkBrD{@
25546683,Almost home strait,Vietnam,1459.9,H√† N·ªôi,16384,u`r_CqmfeSDf@@~@Jt@|@bC?LNf@nA~E~AnFNr@d@rAJz@l@`BPz@@\\bAVj@Lh@z@vB\t@h@xBb@pAv@~Ah@lAfArB^f@pApCjAxBn@tAv@zADP
32734070,216 Dinh Cong from Le Trong Tan to Tran Dien,Vietnam,357.8,H√† N·ªôi,2044,}~a_C_a~dShBdBv@n@jA`@x@Nz@D|AVb@?~AK
14164726,Le Trong Tan Street,Vietnam,1427.8,H√† N·ªôi,4229,oab_Ci`~dS?EKBeAl@c@j@qAh@qA^q@^uA`AcA^cBbA_EvBSNeBx@i@^u@XwAx@i@Ts@d@eAf@kH|DeAf@oAt@_Bv@s@`@UJaAl@iAb@q@f@uC~A
33865352,Phan ƒê√¨nh Ph√πng (H√†ng ƒê·∫≠u),Vietnam,707.0,Hanoi,28213,upl_Cm}~dSFe@F{@\cC\qDBcAXqBFuB\iBDm@X}AJ}A?a@Vw@JmBD]AWGW
34315830,Quang An Lake View Dash,Vietnam,1156.4,Hanoi,24256,wxp_Cmx|dS@THRf@d@`@f@PHBDF@PJPFFFRDzAv@Xp@x@~@ZV^j@XJp@d@LDXXJB^f@FBx@v@HPPPBF`@^d@l@f@b@NRVPb@FPLT\DJFFDLJHV\HZ`ArBVt@@HHJLb@f@|@J`@JVz@lAJZb@f@V^BHRRLRRRJP^TTF
33711269,Embassy Sprint 2,Vietnam,443.7,Hanoi,8559,crj_C_mzdS@[Eg@Ok@@UGO?[CK?Q?QBO?YQyAIk@GQAm@Mi@?WOq@@KIm@AwAG_@A[ES?GEW
33909426,Ho√†ng Di·ªáu (Cao B√° Qu√°t),Vietnam,287.5,Hanoi,9284,u~j_Cit~dSXHpCVdAFb@Dz@Dr@Jh@B|@HLF
33909431,VƒÉn Mi·∫øu - Qu·ªëc T·ª≠ Gi√°m,Vietnam,511.5,Hanoi,9087,}lj_C{g~dSZFTJr@L~C|@b@PdA\`Dz@XLDHDR?JG^c@pAMn@Uz@]t@
35721162,Cau Vinh Tuy 2 [VNO],Vietnam,3124.6,H√† N·ªôi,9213,}ee_CoxeeSkBkBgS}SeIiIwFeG{D}DkQ{Q}Y{ZgAeAkC}B{AiAaBiAeBeAwC_BaRmJ
33909602,C·ªï Linh (ƒê√†m Quang Trung),Vietnam,1556.0,Hanoi,13350,_{i_CuwieS{@nEGl@k@zCOpAg@jCo@jCa@lC{@nEWbDEp@?p@@j@GjC?pBGrEM~A[dBcAhDs@tBQv@MjAA^HdAAp@H`BOtAMn@
5902229,ƒêi·ªán Bi√™n Ph·ªß Climb,Vietnam,665.3,Lao Cai,2371,oqhgCmcyxRELDM]Xc@L[b@ODYd@OJ]h@WTQ?YLOE[HQHINUp@BIMNCJFB@FB`@]d@y@ZKHa@d@HI[DGKDFk@\[b@g@d@o@d@]l@g@^WDmBi@
18023671,Sa Pa Lake,Vietnam,1637.6,L√†o Cai,1956,atigC_cyxRBCe@uBSaBCe@Ic@Qa@Mg@U[m@m@[a@Sc@?IA[Dk@EqEDc@f@s@f@_ADSC]i@wAS]KEg@@UGa@AgAMe@Ne@JWEGFU~@w@|AEl@ERFZJPHh@H`A?PGJ?JZt@\h@`@~AL~@b@pB^vBFt@Jf@VZPLTZl@j@\b@\PfALtAHJDBA?CEIGg@?g@
38556298,800m Ho Sa Pa,Vietnam,804.0,L√†o Cai Province,1960,{bjgCevyxR`@~AdAjHXnAPb@zBbCLJVJZDfBJTAHIDK@MCM_@eB_AuGOa@}@{@Wa@
17103160,hanoi lake east side,Vietnam,316.8,H√† N·ªôi,33124,kqj_C{oaeSHIHBVOZGbAINBVAB@z@BJA`CDx@LN?lBN
39867385,Xuan Dieu Paralell,Vietnam,290.9,H√† N·ªôi,53940,yxp_C_y|dSDABKFMDCLUFC@ENMj@}@DAv@kAZm@DEf@kAFENg@LOZu@
39867391,T·ª´ Hoa Hotel Peninsula,Vietnam,1073.7,H√† N·ªôi,43585,_op_Cog}dSBEN?ND^PXVFJTn@d@fBNNPJNVIQf@r@Zj@^ZV^F@HN`BpAX\z@f@VFN@h@cABKHS@SDUAOCC?GQOSa@]_@IQ]YIWGECM[[[m@KMe@k@AIS_@Ce@BIZUAWKUAIGIa@}A@QRaA@WJOD_@J_@Te@Ba@Te@DE
39867405,Y√™n Hoa Village,Vietnam,1262.4,H√† N·ªôi,33606,k`p_Csv}dSLC\?ZIB@rAi@l@SVAr@Fb@QdAq@r@UTCVKd@IPSbAYJKNGf@?f@Gb@APERDn@Gb@Il@]J?`@]L?VQP?LGHMFEN[TQx@c@TIHMJGLCFB@QCMDGJCb@DPEJGPU@OAE\YPYNc@DEJYJKnA}@RKNMVKVUb@OVYXUj@G`@Df@ZH?BDX@ZDJAT@l@Xj@P
15292766,Bach Thao Park 1.1km,Vietnam,1117.8,H√† N·ªôi,7707,gql_C_a}dSXl@rAdA|@fA\Zx@d@VKFKDk@M{B@k@Lg@`@?f@Gd@WF[Mg@][a@QM?cAa@[Y_@Sm@e@Ue@QuAUc@k@}@a@Ug@Eg@BQ`@@f@Ad@KxB\nBl@vBd@lA
40891766,Ao c√° B√°c H·ªì,Vietnam,586.1,H√† N·ªôi,33,otc_CineeSj@IR?d@Dh@BDBHRF`@Az@BZNb@BL@hBALGNSP]Dg@KWDe@PQBOCMKG_@Gs@EsAAgAEkAEUDGPET?
32152024,ƒê·∫°i l·ªô Danny's,Vietnam,1392.4,H√† N·ªôi,13161,cjo_Cq~zdSFYV]XQZ]JQ@QOc@yAgBUK[H]VUCOWa@e@}CoEYi@gAeCmA}CCG@CSg@{A{BKO_AWcBmBy@w@}AcBiAu@{@g@aBeBc@y@WY]Uq@W]S?C?FCIMGq@[gAkA
19158640,Mehlia Corner to Parking,Vietnam,5425.0,H√† N·ªôi,1227,oft_CsybbS`@g@ZSNGXEh@Jv@Ax@@RELITWD]GU_@{@GSc@q@KUI]?MFa@b@eAb@qAHe@PSREPJLVRx@Rf@V\\RPBl@Cd@@~@In@?p@FPFRPLDH@VSf@cAPEJH@RGVKRG`@BZCZMVOJYBSAWEc@MQD[VMTSt@Cn@FTLPLLNDVP`@Fz@DDDXl@BL@TEVOZGHo@f@U`@UXe@x@Mn@AZ@HRRb@V^`@XLh@f@XLh@LvA~@PPDTEPOLSFMLEVDh@d@j@DRETa@r@Ax@H~@]`@QDQ@o@EM?OF[TGJ@L`AvAd@d@Th@Vz@JRPFLP`@ZHNNLPBd@?f@RJPHh@LLRHd@HPHTD`@PLLLf@Fj@ATSh@ER?RD^?h@QtB@P?`@J\@LGdABHDBJELi@FKBQAi@Ds@~@yC?g@DU?o@Do@CuAFmAGS]]QWCK@OLQrAiAr@_ANI`AKPOl@w@FUIi@Dk@d@cALw@`@eAR{@JQLIH?FDBFBL[~@CP@hAQbAE^BRFHF@FIH[B]Hg@P_@DEJEx@LpAXjAIZPv@f@HLR`ADb@?^Eh@QlABRPd@@X?p@Df@DbAAh@Bl@JPd@LNHJJVh@RNVAj@i@h@YZEj@DJATK`@Wh@Qt@DDAr@Yd@YpA_@h@Ib@Kf@Wn@W^E^Dh@@PFNAj@[f@m@fAcB`@O~@I^?P@f@NtAStB?^Y
29046968,Temple gates to Bavi Resort (go down),Vietnam,6732.8,H√† N·ªôi,568,skp_CaxabSm@g@G?WPEFSr@O^CRa@t@UPGNe@AKEWHE?G@IEO@GCMAEBW?GHMBOGS?a@EW?MC}@F]NKJc@j@KTQHe@rAMDCHUGc@N[EG@c@_@CDW@UD[Nk@n@]Dg@DK?MBM?g@Lm@b@QH_@X[@aASC?QRM@[XSJSDg@G]@WPi@j@OHS@IE[c@M]OQSGM?SGO[CeCEOAUCKCUHS@]EWMYEUVw@@YHc@@]Aa@Ui@Ic@KOSKEI]KOKICUAYJQB]E[MmAKU?QHMJGd@?`AGTIDKAIKCUJm@FsBPiAAGG@GCd@CBOAKEGGCM?IHOTKl@Yl@GVKXE^GT]l@Eb@HZB\Sl@a@VKTi@Lc@FWHETGHSTKBMTCBo@p@SPGJCLBB@JZ\TLHRAJGPAb@Hj@Ch@@lAInAa@pAOZG^GLG^DV?VIb@Uv@GFIDI?EGCS?u@CMBKIw@DeADa@?gAE_@Su@EgAMi@KOe@U_@G]BKCOAEEKEMO[_AYa@UOKK}@s@YeAYw@AQa@[i@s@YeA?KDMPMHAL?LE~@ALEJGFKFe@?WCGA[I]@UDKVWLGDKCO[UOQEICa@?UFMJI`@GFG@CAWk@i@mAg@a@KQKEIGG_@QQAKEc@s@GEUGKQD_ADc@Na@HORQR]Vi@l@i@RSLWBMCe@IMQIQEq@Ce@GQGSSSa@G]@w@F]Ra@NMXSH?f@RXBLC`@ODGF]AUB]Na@R[@ICGI?OLMREPIJGPKLGBM?SE[Ok@SSEqBH_@Aa@DUAc@UUW[o@WaAEKWKE?OJSTEd@Od@?PKPQp@Qf@AJHn@LTb@f@J^LPFZDHDL?PW`@MHMPC@K@]?m@Iw@?OES@y@d@SPc@t@GHFp@P|@Zj@HX?NCBMLK@IEMYE]Qa@qAgBUk@Kk@Ha@LSRMzAq@Z]HYCOMYSYm@g@_A[cAi@g@g@MIUG[Be@@SCGEsAwAGM}AsAYOa@IOKuAg@MEYUW]g@u@m@oA
3826525,ƒê∆∞·ªùng v√†o v∆∞·ªùn qu·ªëc gia Ba V√¨ Climb,Vietnam,1989.63,Hanoi,707,qjv_C_hgbSt@Fl@Cp@STGN?v@HfABLDzAl@RRJV@bAHRTTRJT@vAEF?DBBLCPY`@KTCN@VFXV^r@XVXJ^n@rABLFHf@fABRCR@Dp@lCLXLFPPv@|@@LNZr@rCZj@XZPJ\Bf@N`@Nb@l@N^LJDCP@BCF_@ASIWQYIEEQAOHQHAXP`@f@PZd@dB@^A^LxBEv@a@`ACL@NJBFGF?RMBMVUPYJ_@^s@NIH@DB?DMV?P_@z@EVINOz@K^Ah@@TAZIR?h@@FFNDBH?
16023678,Y√™n S·ªü park - ƒê·∫ßm V√¢n d∆∞·ªõi,Vietnam,1973.0,H√† N·ªôi,388,c`}~B{haeS?GLSVq@vAqCJi@NqAKmCNIjAWjCa@|Bg@t@YV]DkADURQ`@OZFJH\ZV^`@THAd@Mb@I~@]f@ILHf@dALf@\vBRx@Vv@BR_AnBo@pBU`@g@Dc@NKHMPc@Pe@FGBQf@e@Dg@LY\o@fA[\a@T_@ZS`@Ad@U^OHc@B_@QEIa@Iw@b@e@Je@De@Gq@WOCUIACIaAg@gAMg@Ag@[gA
16094093,Y√™n S·ªü - ƒë·∫£o l·ªõn,Vietnam,1017.6,H√† N·ªôi,1571,qn}~B}raeSRh@\bAh@bAz@r@^RhAVf@Bf@AxAZb@Kf@eAbAuAPc@Nq@Fe@?_BEi@Oa@}@cBQSo@i@SIm@Qq@Ks@Fa@Nq@j@_@?WESFMH]^IN_@h@_@V_@L
37381689,1km from Phap Hoa to Cong Ly,Vietnam,957.7,H·ªì Ch√≠ Minh City,6760,_uy`AqccjSMEEGAIRUG]OSo@g@MOEMQmAC]?SOkAU]UUe@Q_@AS@y@CWBSFe@b@M\EVF|ADl@?XI^a@n@QD]V}@\c@Fc@EU?iAFy@?cBFc@S{@GWUy@i@O?CE
11195712,"( River ) Run, You Fools !!!",Vietnam,2756.5,H·ªì Ch√≠ Minh,4563,oty`AwecjSUc@OMUKMMWi@]aCGk@Ki@KOQOQKg@GoBASDQFa@\KNIVCTAl@Df@BbACl@GTY^a@\w@ZqAFeGCWC}@Uc@Us@i@OESSWi@q@iA]}@[_ASy@Im@Cq@?wARyB@o@PgBCWGSKOOMm@WUEW?UFa@\o@p@gAxA_@^w@b@i@N_AF_DH}AJWAm@GUISKi@_@[e@ISIm@@o@Jq@Ti@LOrAo@rCcAxAc@TMPMPSHU@YMk@sAmC_@{@Qi@GUGo@QkCOaACY
39808431,Rach Mieu Run,Vietnam,1343.6,H·ªì Ch√≠ Minh City,7425,m|z`AyadjSOGGGGAGK]O]B]HIFOZu@|@U^YTa@f@c@Zg@Rg@Je@@gAHU?QDW?YDKDUA[JSA_@FaAQ[Kg@][][{@G}@@e@Lc@Ra@TUl@]hAe@d@WjA]zAi@ZYJY@g@EM?KsAwCa@s@Me@SyACw@GW@KIo@Eu@EYAi@
39397370,Tan Dinh Bend Southbound,Vietnam,1309.2,H·ªì Ch√≠ Minh City,11527,i{z`AeddjSSQUKm@a@]Gi@@WFMFu@l@aArAMVQPACa@n@WVWLsAT[AUBUAi@H[@GBWAoAHQA]Ik@g@M[CG@UDYL]PWLMPCnAc@p@[vBo@XO^WJMTc@Hi@B]Gy@Yk@Uq@a@y@Oi@We@Su@C_@@KKg@B[GQOcCEU?I
28598550,Time to sprint,Vietnam,245.9,Th√†nh ph·ªë H·ªì Ch√≠ Minh,3845,wzy`AwwhjSEKEYMsBEoBSwC?Y
10599274,runTruongSa,Vietnam,890.3,H·ªì Ch√≠ Minh,5239,a{z`Au_hjSe@dCOdAGNGTU~AcA~FO`AKhAK`@I~@[jB@NMp@@d@R@Q`@Ub@E^BD?DI~@U`B?\G|AETKRBv@
16620948,Truong Sa Bridge Dash,Vietnam,743.9,H·ªì Ch√≠ Minh,8271,ad{`A_`fjS?JHRPv@@p@CXS\a@Z_@FoAKc@IYA]BOFMJWb@G^?HHf@F~AJ`@Jv@@VBDDPA^AFWZKXW`@]b@e@`AK^SZSr@Gt@CFMJCL
16620947,Between the Bridges,Vietnam,1304.4,H·ªì Ch√≠ Minh,9205,_r{`Ae_ejSRlBLl@JxBVrA\l@@FCFAHJb@ZX\v@NTDRBv@GXGLe@XeBj@OLWDULg@NmAt@_@NWTCDK\K~@Bp@Rh@x@`Ab@VPF\Fh@?NEdAEh@IbCQ^I`@CNE`@Yd@SPMpAiBt@u@XOVGZ@ND
3270658,Nguy·ªÖn VƒÉn B√¨nh Climb,Vietnam,494.584,Ho Chi Minh City,6407,e_z`AutgjST[VOFO~@q@HATHJAN`@`@JBPJBHA`@@`@v@Fd@d@\BLJ@P\@DDJl@TH?NDLNFDDNL?HEFExAq@JARB
31207626,ESR_ThuThiem2Bridge_D1toD2(HuyDinh),Vietnam,913.6,Th√†nh ph·ªë H·ªì Ch√≠ Minh,2819,cby`AeygjSBGOQ?ELI\e@VYDADOJSB@FG^]PEDOp@}@FE@GLEb@c@Xi@v@m@^STWROJOP_@Xa@\m@NSH[DE?GCGAMBOLMHSJKDOLMHSXk@RSHYh@w@b@mANSRc@HIJU\gAd@w@Pi@FMZUNc@
36742924,Cau Ba Son Uphill,Vietnam,294.8,H·ªì Ch√≠ Minh City,23590,ycx`AmeijSs@`BwAvCuB|E
22080482,Hoang Sa from NTMK to HBT 3.0km,Vietnam,3014.2,H·ªì Ch√≠ Minh,2596,atz`Ac|gjS[N[D[JSXQr@Ir@Eb@I\Qb@?b@[`B?\c@nC@\GRILI^At@DTAJELIHIPI^Eh@JF@J?t@Sn@CP@PuAhB?G?r@JXAn@CHBdAElCCRBb@AXMr@?j@G|@?l@@PPz@?`@CBJPNzBNxAAnAAH{@t@_@Va@BwBWm@NSTEZJbA@bAHpAGn@Qv@_@l@Sd@Yd@MZYXCLFZ?Je@fBJ|@Bl@DJNpAa@p@JLL^DRXd@L\R^XdAf@v@Jh@@v@CXSh@g@t@_@Xe@PaARq@JeAh@kAt@KLOb@EX@HDJPJLR^NL?TGd@ETGr@CdDY^Kd@[fA}AZ]LYf@g@\Uh@Sb@Gp@@
20028263,Under the bridges,Vietnam,1149.6,H·ªì Ch√≠ Minh,6142,o~z`AuyfjSa@XKb@AVOZ]dMAhAT|B?f@b@zDEn@Qf@_@Ze@PWB{AAg@BSHSNU`@CNAh@R~CCh@[dAWj@Y`@eA~Ba@rA
33208125,C√¥ng L√Ω quay ƒë·∫ßu - Ho√†ng Sa,Vietnam,1713.2,Th√†nh ph·ªë H·ªì Ch√≠ Minh,6724,io{`Ao_ejS@LJXH\Jp@NpBNlAL`@Rb@Vr@r@bBHHJZFR@ZEf@?FFHGXk@dAc@\]Pc@LiANc@P}BrAMLIV?PLb@JRZ^PBp@A^ItBKnB[d@O`AcAV[L[f@o@d@g@XQ^SVI^@ZJ`@Z?LXNRVJHd@f@^RLf@A~@UfCUxAAd@@jAH`@b@vAl@pA
41099983,Se√Øgon bord de l'eau,Vietnam,848.4,H·ªì Ch√≠ Minh City,14003,ipx`AalhjS|BVvAXbBT~Bd@p@FbDv@bFx@t@D\?VIP?pARtAFZJ@BhARx@V`@D^Ad@Ip@E
7753398,Downtown-Saigon River,Vietnam,1420.8,H·ªì Ch√≠ Minh,2856,cpw`AudhjS^@\GHD?JHJPBp@?X@XAl@@BCn@BJKF]JKxBFrCVrAVXJZE|@Nr@FJHv@Ox@?nAM`@FXTJ\ThADRGd@?VTh@d@z@`@d@~@|A\`Ap@vAj@dBd@t@T\r@r@DHt@j@dAr@bDfBx@j@
22055358,river run reverse,Vietnam,1909.4,H·ªì Ch√≠ Minh,14482,gfu`A{lfjSzCrBVReEaCw@q@o@cAoAeCk@_AKa@U]i@eAW[e@cAYYg@K]SOk@_@SeAiAaAm@]Ye@Q]WgAo@u@u@k@}@y@yBUa@e@gAU_@i@gAcAaBw@sCKoAQ]e@Oc@Bg@JiBNKAIGe@@kAOg@Kg@CgB_@}DUg@C]B
33365454,Ton Duc Thang Riverside,Vietnam,1066.5,Th√†nh ph·ªë H·ªì Ch√≠ Minh,47191,kvv`AgbhjSk@@eAK{BAQCUI]Am@BsAOo@C{A?eDQ}@@}AQ]Ac@@i@G]Ai@EoAWmA]oAOyCi@c@M{@Qk@Uq@IuBGmAS
36742899,Along Sai Gon Thu Thiem North-South,Vietnam,418.1,H·ªì Ch√≠ Minh City,16259,}|w`Ao|hjSlBf@d@HxCn@r@J|@Fp@Hd@?j@DjABlBT
21186543,Duong Chau Tho Tren Cao,Vietnam,1005.8,H·ªì Ch√≠ Minh,43127,uyu`A_hjjSPYlBiFj@eBXcA^{A^yBl@uE\sEJyD?uDEuAMoCQiB
19482866,Sala 1000m,Vietnam,991.9,H·ªì Ch√≠ Minh,28256,ssv`AeukjS|AmA|@iAhBaBd@W`Ac@lBu@t@Mn@?j@Nf@XT\Lb@EXCD[RyAt@a@Vm@Z_Cz@_DzAgBr@[Xo@N[AGCU[Mi@
40931274,Jungle Lane,Vietnam,782.0,H·ªì Ch√≠ Minh City,32391,suv`AwoljSr@Ah@Gn@KpAa@f@KhAMx@GpAAx@BjAJx@Jh@Lx@Tv@Z|Az@v@j@bAfAn@z@r@pA`@nADDB@?C
28357659,Between the fences,Vietnam,721.2,Th√†nh ph·ªë H·ªì Ch√≠ Minh,44610,qnu`Aa{kjSGlAH`D?~CIvCApBOhAEdAs@dFy@tD[hA
36742894,Along Sai Gon Thu Thiem South-North ,Vietnam,416.1,H·ªì Ch√≠ Minh City,11337,{ew`AgwhjSWEgGa@kD_@cCe@}A_@YIQK
18460459,Cau Thu Thiem Uphill NorthBound,Vietnam,516.9,H·ªì Ch√≠ Minh,23377,e|x`AazjjScBz@kDtAaChASF}BbAsBfAg@TuAf@]P
11191289,King of the Bridge( Thu Thiem ),Vietnam,868.2,H·ªì Ch√≠ Minh,29579,wez`AiajjSJUNM`Bq@f@QdCcA`CmA|B}@bHyCdOaH
8791789,Tunnel Road eastbound,Vietnam,1165.6,H·ªì Ch√≠ Minh,1273,ouw`AieljS{AuDMg@c@gAiEgKs@qBy@gB[kAc@iA}@kBu@gBU][kAa@{@[]Yw@i@cAm@eBiBkE
22488696,Binh Khahn highway trot,Vietnam,1105.3,H·ªì Ch√≠ Minh,1867,{|y`AempjSd@l@Tb@^~@n@bAJf@Xl@X\Tl@J`@T\l@lARj@X`@Zl@p@fB`BfDTh@XjA~@pCrAnCjB`ENh@Zx@pAxC
8791782,Tunnel Road westbound,Vietnam,1168.1,H·ªì Ch√≠ Minh,2948,}sx`Ao`njSz@fCxAtDlAnCV\dDtH^hAd@dAXhAR`@^dAnBhE`@hA~BxFn@jBl@bA`@bAD?
10599265,runBesideTheZoo,Vietnam,356.6,H·ªì Ch√≠ Minh,30110,_ky`AelhjSy@m@UIwGwBWOkAa@c@OuAY
3008261,Nguy·ªÖn VƒÉn B√¨nh Climb,Vietnam,388.82,Ho Chi Minh City,25606,a~x`A}ahjSETB^MZIFm@RY^GT]ZYNWf@DDAE_@`@UL[Z_@XcAd@gAbCM@GLLBBN
22336164,HCMC river run east to west,Vietnam,3420.7,H·ªì Ch√≠ Minh,2663,izz`AovgjSe@bC{@fGWrDSlDD\?JU~AYl@Qj@Hj@AFS?CHBhAOfCCrDIh@EvAT`CBjAFt@ZrBGh@Sf@[Zk@Ji@@g@Ei@Bi@La@\Ob@?h@@l@N~ADl@c@tAeAbBaAlBKd@Ed@BDF?ATDXMl@Dp@l@rElAzDd@nAFj@@h@Kh@Sb@_@^oA^e@T{Bt@gAb@Yf@Kj@Bd@Xf@`@Vh@Lf@BbCOTEXCn@Aj@Ij@Md@_@~@cAtAmB\_@`@Wh@Ij@Dd@V`@\j@bANd@Fj@?d@UfCCl@Gl@@vADf@NlAPh@
38824121,creative park loop,Vietnam,1113.2,H·ªì Ch√≠ Minh City,564,ufx`A}gijSMTc@dAY^MFm@KQOOEQ?SJWDq@Cm@Si@e@SKQCs@B[GGGE]EIe@_@OYY]a@SWWa@m@Oe@CWCi@BeAFGB?b@Hf@Dd@Kp@UJATDFHBVEVKX@DNC^KD@Zb@VVb@V`ATf@FZHn@\d@N^`@ZTlAt@DJGL
18251898,To√†n l√† ƒê∆∞·ªùng Cong Tuy·ªát M·ªπ,Vietnam,1246.7,H·ªì Ch√≠ Minh,27698,giy`AclhjSSY]Qa@_@MEWAICc@_@CGIIYCe@Ks@e@_@I[M_@Ga@KeBo@c@IECg@ISIkA_@{A]IECKGGk@USQQYQSWWMCCGYcAEe@IW@]EICYGMAYP_BAc@Dc@V_ABq@Hm@FqAHUD]N[DUCe@FkBAYHc@?WM}@?UKSAa@
21335902,VHCP Inner Park Loop (counterclockwise),Vietnam,2589.7,H·ªì Ch√≠ Minh,9758,mmz`AgikjS@CF?v@\l@JLARUFCTHF?LGBI?IMMcAg@_Ak@_@Wk@Ys@e@QCUBGCGKSGEEI]aAm@OEYBMCIKQIO_@[Oa@YMEi@?OQYCGKCUGGwAs@o@EyALGB[XWCSFE?KIM?{@Ns@FEDK@SN_@Hg@g@IECKAGDG`@a@?I_@i@MIGAe@?G@UNG?UI[AKQOEi@CG@QNG@YGY?KIEOGCcACE?EBGfAFNZR^LH?`@Ib@Nr@ETDVP`@ANDFJJJPFN?VHRl@XPLBFCNIFCTHbALFB@P@DRLP?PFP?NFHFVd@VNNCFK?]FOBm@X_Al@[F?LHTHj@ALHDLBXL^Cf@Ib@GVMT?FBFH?`@E^?JFPVJFl@Hh@IZMHIBEAOFG@SH]@CFCD@z@\\TPTNHRTV^Df@\n@|@f@
16338016,Vinhome Central Park South to North,Vietnam,1145.4,H·ªì Ch√≠ Minh,13387,igz`AiikjS}B{AiB_A_@Yg@Ea@US_@cAk@c@EOI]SWa@]Wc@Qc@C_@Q]e@aAm@MCe@K[?oAJw@Xg@De@?wBVg@^[Yk@m@?EBCb@_@Wc@QOg@Gc@Fe@Cc@Wg@Ci@Hi@C_@Ui@GU?[R
